-- phpMyAdmin SQL Dump
-- version 4.8.5
-- https://www.phpmyadmin.net/
--
-- Host: localhost
-- Generation Time: Feb 28, 2023 at 09:58 AM
-- Server version: 10.1.38-MariaDB
-- PHP Version: 7.2.16

SET SQL_MODE = "NO_AUTO_VALUE_ON_ZERO";
SET AUTOCOMMIT = 0;
START TRANSACTION;
SET time_zone = "+00:00";


/*!40101 SET @OLD_CHARACTER_SET_CLIENT=@@CHARACTER_SET_CLIENT */;
/*!40101 SET @OLD_CHARACTER_SET_RESULTS=@@CHARACTER_SET_RESULTS */;
/*!40101 SET @OLD_COLLATION_CONNECTION=@@COLLATION_CONNECTION */;
/*!40101 SET NAMES utf8mb4 */;

--
-- Database: `pos_88`
--

-- --------------------------------------------------------

--
-- Table structure for table `auths`
--

CREATE TABLE `auths` (
  `id` int(11) NOT NULL,
  `token` varchar(255) COLLATE utf8mb4_unicode_ci NOT NULL,
  `user_id` int(11) NOT NULL,
  `created_at` timestamp NOT NULL DEFAULT CURRENT_TIMESTAMP,
  `updated_at` datetime DEFAULT NULL ON UPDATE CURRENT_TIMESTAMP
) ENGINE=InnoDB DEFAULT CHARSET=utf8mb4 COLLATE=utf8mb4_unicode_ci;

--
-- Dumping data for table `auths`
--

INSERT INTO `auths` (`id`, `token`, `user_id`, `created_at`, `updated_at`) VALUES
(101, '1fzOmJRYSHItHPVsEmQk2h2tK0XjIZu42RhTanh1wpj3Bcb2CdhzRFMANy2h', 94, '2022-10-20 08:54:08', '2022-10-20 18:04:28'),
(102, '6NfFI77h461SVYtqNHQXbStWhsaLHA33pY2cNViW1LPcVirlvnMNMzq34SPp', 93, '2022-10-17 08:54:54', '2022-10-20 16:40:11'),
(103, '0XRPWZ8ouiTYEu3UKMqbilA9IvczBpLlijXJzNRtOp7UjNZ6JuDGFepmewzh', 94, '2022-10-17 08:55:39', '2022-10-20 16:40:11'),
(104, 'gDFh90U8GjfXFgxF1nCniGixdN8EVDI8VyXB0fRA4trId2Ngb9sgqWVgRPKK', 94, '2022-10-17 09:13:16', '2022-10-20 16:43:49'),
(105, 'cyzDr19axKJPunvefPu6LYu3eY9x2A7sdCEBl1J9cGWc4S0frho5UYv41fQl', 94, '2022-10-20 11:06:06', NULL),
(106, 'bP29Ev0uKEtR2STCpZJTInNZPCEdDBCbrm75kYX359w6s5jicVJZBuqHEu8W', 95, '2022-10-21 12:14:11', NULL),
(107, 'hk6LjBrcPJEDAL5GtR3GitYNTvnsMsyP4rlnocoumV4C4MbgDdrg459GvUoW', 94, '2022-11-04 12:51:55', NULL),
(108, 'Amh8kNuyb4F9HG2saxcSKNttZbEhrnyiJJCiAir1ifji3G1UEWUxIPm9JfzB', 94, '2022-11-04 13:50:10', NULL),
(109, 'JeDy8MVdvKykggvFSTUXeg12PsfA5k10V1Qv29sSBF5KOezGC8t0s7a4LWm9', 94, '2022-11-04 13:51:11', NULL),
(110, 'JbI9SYhuXuYwnf7rv4EzRmlv5srcdNtrTbv2SsH6tBa3RuKWKP7YJTz0XSdQ', 94, '2022-11-04 14:04:43', NULL),
(111, '7ksAr5xOmYV0wQEjxgdEb0cxVNAcODg8OcqHsrtJCzlBBrt6IJDPwjglY6mY', 94, '2022-11-04 14:13:36', NULL),
(112, 'wcTJ7WCsyyZZTdpJRkeBt5UnBppaHyloYX1wf6oPD5xrT8qbnPzKKn6rBklx', 94, '2022-11-04 14:16:15', NULL),
(113, 'Z5qwCrmvDdWTrZq5R34bV0X6fDLdnGsaYyw5fXcLdFOgsIMueHGTnvUPE1iV', 94, '2022-11-04 14:16:57', NULL),
(114, 'TdtognKOJtm90Yb8fMfoDcduUWxhfHxKRZMZxLnoVOr2TzbyABLuKrtkitsa', 94, '2022-11-04 14:18:18', NULL),
(115, 'jAY9IpEdeQmDMgnyEoHHhPcFrsF59CEBMYcQICLm4RbhiICWO31PxLPsEuEw', 94, '2022-11-04 14:19:13', NULL),
(116, 'MbXrsuxxdjB32XpzyRTuQBSE6YWOo4bXxUtUzKcx1ysQvI7uJFxmLJMGIKR7', 94, '2022-11-04 14:20:24', NULL),
(117, 'wMbI8G19J6phwQOGzTYQzO6JtSSKxLZUcYScZrFRu3XtQSbrb9s7fhzjnBax', 94, '2022-11-04 14:21:28', NULL),
(118, '8b6WqT28lwbNScxLKxahf3WirJFghOAeOpLU0zVMqBBM9N83zNzdtjoenKNu', 94, '2022-11-04 14:22:39', NULL),
(119, '7sJMVO3uSAF6kDnFrWuBWCGg2AZmTurR8UYTGuIfY7VPJ5qtt7u6iVs5BTKE', 94, '2022-11-04 14:22:55', NULL),
(120, 'kpt6jDT1KU4m3iL1iE41qGCrqXXvLmHdBPWPhmrybcDdlexcLmybeTvoTodn', 94, '2022-11-04 14:24:35', NULL),
(121, 'hn3nenFbi8GDUOwLB3cuHN5X5DqLXKlevJr5tbGBepjyOZZC35f0FpWft3Od', 94, '2022-11-04 14:24:59', NULL),
(122, 'sYdmpi6ANYeAG7y5dTUlV0l0aGBKgYoGnOydCveWSCjQWPQ4oiPJY7ONH5zC', 94, '2022-11-04 14:37:44', NULL),
(123, 'DZoZkcYGh5Ub5qkr4V4MVtgUN64hLQlh9Bub2ZkZlwimlX6J95hWnlYUu0Cf', 94, '2022-11-04 14:37:45', NULL),
(124, '9XjWFnLi083NhDs1S730kbzn6YGquoQhOsbQoNFAR19r3bdfolnLcpHVGFoG', 94, '2022-11-04 14:37:45', NULL),
(125, 'WQSkDLDNlwRWPBQLZB6VMY8W0BUijhrsLiPiOwxxalaVu1ZrYHvuX5Wt4Yom', 94, '2022-11-04 14:37:45', NULL),
(126, 'EOcI9HEBJg46Uk5cjFfvDbXhzwPlFJMLmbi4Xkp3rGjH8IggDs5MPnOcguDL', 94, '2022-11-04 14:38:26', NULL),
(127, 'XGr3vFuseQZ0sPTW6zaYcbb5qZLvrXJ1RsbRdS5LuvllIks3tD7DEqKhxL1v', 94, '2022-11-04 14:38:27', NULL),
(128, 'lDFGHmKAqWwYKqaHZGdXkSJhe6OKGsDUovtAHmUKMPc74HGWHzycmyVtNlER', 94, '2022-11-04 14:38:27', NULL),
(129, 'cbrvVM07e4aCrN3ScjmSxsrkX8f9a7X33fE8fd40l0YVNTdrQyBf7yEwFGbm', 94, '2022-11-04 14:38:27', NULL),
(130, 'FNBYs7WMSrQOGwzAIcGpZPJlnQfZiDM84RDvsdLqAgUBXsdmVZU2QqC4fz3H', 94, '2022-11-04 14:38:27', NULL),
(131, 'SQLOwUYwnRnM2PgPSIhr7UTuo7KB2ChHz4tdx4YqXLWFluJHrgxffcg5hz0X', 94, '2022-11-04 14:38:36', NULL),
(132, 'MybkrOrfLzN84rpOgpzfgKyeZQKUgNM54TO44zKFs9fq8fWoSXfGRoBwwIuK', 94, '2022-11-04 14:40:40', NULL),
(133, 'G5xa4XPzKjZz5qkDGk3TNVkysTuBMfx6BVegkkOh8TgcyUHNl7LlGswpFD4o', 94, '2022-11-04 14:40:59', NULL),
(134, 'XSaajuymGcDeNWFbxOdUvXsNZec0YUqcVsFbE1d1YlTc4cti8jmKFJhGMl6l', 94, '2022-11-04 14:41:17', NULL),
(135, '0cd6M7L86koYRvaM8XAs5pcu1VuRVxCTQjBNM143zcQDydoQX1liFft3uguk', 94, '2022-11-04 14:41:58', NULL),
(136, 'xNxemXp5LqcmerSmBhWW6epLSUAd3pYTudu614Y5sn8KIRQUpmaiVjwEjzlY', 94, '2022-11-07 13:50:23', NULL),
(137, 'MPNAoPLiAdcKvWaCGK4aJLxlD1oCFcn8BpR1euTiYYwOVLhyPHG9jqIUkxbu', 94, '2022-11-07 14:24:36', NULL),
(138, 'LraFWMZtIDvxJSqyph7d8MaWKWvKGpkO2f1wKcfc8Jdw52CdwRzS6R8ihp3M', 94, '2022-11-07 14:24:37', NULL),
(139, 'Ta8Y48ecOLdcUTwAujiAZke0d4JCStNzCNqCSeAdTaRMZhHcRIo6OeqXVyYa', 94, '2022-11-07 14:24:45', NULL),
(140, 'CEdgVE0N1sfx7TR6ospDS2j7xHChr6NdBcSIPPfac34yLt2elZLRvdb81Rkj', 94, '2022-11-07 14:24:47', NULL),
(141, 'oafCrCk60YUW8iG7KpO9vOkH2VCvw7wrOfZyikJqMdxfkNOJ6sQhxJ3syyIW', 94, '2022-11-07 14:24:48', NULL),
(142, '5vXn8A9liznFJMk70el0BQDBk3M8kE85UMOIjTP4UPxeaSAOCOC0ljVQeYd3', 94, '2022-11-07 14:27:40', NULL),
(143, 'U4ENtbA3MFo78KuQo2d9FXGEebq3qsMaFtpDSASqBcMzxvOm1XN6ALojrRPA', 94, '2022-11-07 14:27:44', NULL),
(144, 'UVvYi8UoMBN6sdcmbNZhq9Jw26Acl4dH24ZEMNSnelu2xg0jMyjbxpwsU6Ls', 94, '2022-11-07 14:28:58', NULL),
(145, 'qaUaKM6lyKpacxN1OZnY4mOLcarwEeOSCrF8MZTRdUDSnjUSC9ncjq2MaVLV', 94, '2022-11-07 14:29:00', NULL),
(146, 'TTjOAXl71h2mMPGY5OUCEO4d10OwAKlDBl9rBhLltrB64vijC0PnLjGf8rbv', 94, '2022-11-07 14:29:32', NULL),
(147, '5m2soNmUdBIXcPzF9emxrTHYTuRK9u4DVYcfP7DXFdFzh5owsZ58ZQU3RJ9m', 94, '2022-11-07 14:30:30', NULL),
(148, 'OZhUlDbtp0xOrn5L5FK0c1bvcZwTPGl2r7ymX1RiwYlDH3J5wIoYzTpAf0NL', 94, '2022-11-07 14:31:50', NULL),
(149, 'z8e0HbAnIR4ABmApFg35iIDKvTJSXX7nBTM95imaHFdoKLhhNP6eHnfC6ZdH', 94, '2022-11-07 14:33:31', NULL),
(150, 'UesczYAGPWVRfPBSbkP7VhIOg8Aio8CTq5BmXFz0xYbhwKqz0DY1Ony1fsra', 94, '2022-11-07 14:34:47', NULL),
(151, 'tJFqVLJGONR8Zch8MLCnGoWpCNHIsGsqgvdoOSXMFThhzoqKTQhKJ2eXqoQn', 94, '2022-11-07 14:34:50', NULL),
(152, 'F83eruiUMnLEklb6e9hpXXeVsz2GKngJ4SdWfUN0jJ3oLbzbnrJgLdBFzeCn', 94, '2022-11-07 14:34:51', NULL),
(153, 'bd1CiLHlvR7g8e264c1LqbVVH4DShyOZoLYYHcjzsUUEgpBf8XO938lccWRD', 94, '2022-11-07 14:36:03', NULL),
(155, 'UZZ7yUreOVvY5NZhR5LdnzCcccM39mFVlWphrMpOs2awiThFXVrwPKNBmiik', 94, '2022-11-08 10:19:10', NULL),
(156, 'aWI7TXjRmlQyjAcF4dLO1r5KXAIxTgMVJkDT4p7YzwvvOWy5TNOmRXEJECoT', 94, '2022-11-10 07:41:37', NULL),
(157, 'xuJ3C1tM2ihKUn3q9GnnNV68kRZ4UjWhz4IqvVkB6WhLHC6JsS5IRdYgYvVJ', 1, '2022-11-11 10:14:28', NULL),
(158, 'z1N25Te8MynDx9WDcHKVv3RwE2v5pXOaOI54nvOa3W2WKoU82hZIG3pmdlBX', 1, '2022-11-11 10:20:51', NULL),
(159, 'undefined', 0, '2022-11-14 07:57:07', NULL),
(160, 'undefined', 0, '2022-11-14 07:59:13', NULL),
(161, 'undefined', 0, '2022-11-14 08:00:46', NULL),
(162, 'undefined', 0, '2022-11-14 08:01:48', NULL),
(163, 'undefined', 0, '2022-11-14 08:02:08', NULL),
(164, 'undefined', 0, '2022-11-14 08:02:54', NULL),
(165, 'undefined', 13, '2022-11-14 08:07:18', NULL),
(166, 'undefined', 17, '2022-11-14 08:43:23', NULL),
(167, 'undefined', 18, '2022-11-14 08:50:45', NULL),
(168, 'In8wuyMN7Z4noAs1LMlG72Hi6qan7CERSY3ATIxGcsXPVLkb8f0NseCCZ0YW', 1, '2022-11-14 09:06:06', NULL),
(169, 'Z06LbCAfuMxaOEk5KZfszA7Mv4tKq6gZuF0wb2sBumehWYdIZY7ZahgYEgT8', 20, '2022-11-14 09:52:28', NULL),
(170, '6s9w33u8r6yeyUSXPeTKTLVww94J7JOmXy3CxWKQEEWAAOQOO6i4UQ0U49lQ', 24, '2022-11-14 10:33:07', NULL),
(171, 'vdcQbEm8w6FqYeRuGLlWmpLIRSdLbAmcRwEb3nvJpU9YpWatLTur4VJX8RPy', 26, '2022-11-14 10:35:27', NULL),
(172, 'undefined', 26, '2022-11-14 10:35:27', NULL),
(173, 'EzWrZk7XleGAjOcQQVtR4IakipF07xkOlxRf7Zradl9UWqYyUnbJiNIOwEMM', 26, '2022-11-14 10:35:57', NULL),
(174, 'KGGM4fbrwYE7QpYO3g94hYghElirvGGUDx2JH2XxE5vrvxXKgWsK6mqhY6FC', 28, '2022-11-14 10:46:20', NULL),
(175, 'r5QGMwr95kEuw0m0ebZ1sA4VUBTaL3tFhYJIbO5eklECrJe2j4UcerAS0tDK', 29, '2022-11-14 13:49:17', NULL),
(176, 'undefined', 29, '2022-11-14 13:49:17', NULL),
(177, 'ZF5e0SD8OmlnHmS7j1eckrTx0eVxwRG8kUhNGuYWw8Mfqa0Qo5Ec3iDzaV27', 31, '2022-11-14 14:10:20', NULL),
(178, 'ZF5e0SD8OmlnHmS7j1eckrTx0eVxwRG8kUhNGuYWw8Mfqa0Qo5Ec3iDzaV27', 31, '2022-11-14 14:10:20', NULL),
(179, 'wV3cnH9VOXGsZjtcQLipzKLPzXhhR9lfPrRTtglZ76iS8RbzfPGep0iXjDYr', 31, '2022-11-14 14:11:03', NULL),
(180, 'S34I9jOBPKnKwT6vGRZVzDJKHxPoWGqaldl3Wqsm8saj9xBuRd1QlgvfbnwP', 0, '2022-11-14 14:15:47', NULL),
(181, 'u8RVqMawqMhHqdl3xOX2cjyHpAbws4GoHgEbLk9iBas5QD5sOi8akAwnP8VE', 33, '2022-11-14 14:19:13', NULL),
(182, 'u8RVqMawqMhHqdl3xOX2cjyHpAbws4GoHgEbLk9iBas5QD5sOi8akAwnP8VE', 33, '2022-11-14 14:19:13', NULL),
(183, 'zbYs9CF6i1CfH9KdVTNpYrKQ8KcXz52CDFgykhTW2fzGFtuKo69lsw9B8btS', 34, '2022-11-14 14:19:57', NULL),
(184, 'zbYs9CF6i1CfH9KdVTNpYrKQ8KcXz52CDFgykhTW2fzGFtuKo69lsw9B8btS', 34, '2022-11-14 14:19:57', NULL),
(185, 'RXQgJT1yVKhgo5YIXTAtdgAAOnIY43how2Zb26eeM3QyWy0QXuZTy9ZqKB1W', 35, '2022-11-14 14:22:55', NULL),
(186, 'RXQgJT1yVKhgo5YIXTAtdgAAOnIY43how2Zb26eeM3QyWy0QXuZTy9ZqKB1W', 35, '2022-11-14 14:22:55', NULL),
(192, 'm526FQClmoynBD0Z8KKbpGia4fVpR8NofyC2lFOdaJmIFZB0GV0Ec11lLz3h', 31, '2022-11-14 14:43:52', NULL),
(193, '94k4foIeGP5Rb1wVOplkxCD2DNZQaRcrqm5gkU4kmKuoO9ZjdnaskwkpUgC1', 37, '2022-11-15 08:33:52', NULL),
(194, 'vPBwSIsZEH10h2tBE2JR0FNoNNSG1YAoZutNjVyCqs3EWGwazjEEzKXnZepV', 37, '2022-11-15 08:36:24', NULL),
(195, 'LMZSVPyQl7QDGioQiWlVjYzu6oZQlDpumcgB4sMxr5Tlk7FLqcaZUHz5mTMG', 37, '2022-11-15 08:36:53', NULL),
(196, 'sEqkYyW5aTAVBaugukmonlZ461xpu2kERLT9Mujj5lkEHHqs9aB7VFLmEVaL', 37, '2022-11-15 08:52:16', NULL),
(197, '20zPdnB2WiE8Z2qJQ4hyCxt4pi2joIYXfQg4fFiL2kFTzwGrhm7EwkWQKNnw', 37, '2022-11-15 08:53:36', NULL),
(198, 'trA2eSaoNzxyk2WcBjRS3mm1JUWga6oIBW3RsLOucKUa0sypVjOu4Q0YheMK', 37, '2022-11-15 08:54:03', NULL),
(199, '6ZQ95jJBVdsH2q0j8gdBWKtaNuxU73eH91IDCfKDsyfApphU5g1Wf8487zqS', 37, '2022-11-15 08:54:13', NULL),
(200, 'a196AusBCPyO57QiyabAlvcDXYeB3iXFABvclHa9XJP2Q3A8XQeEAGsHiea9', 37, '2022-11-15 08:55:37', NULL),
(201, 'wUB6PQBBEopD0CdSUqAfKGl1FTi8r0yBmui197fEB88AN1MNKFjd3YrR2zft', 37, '2022-11-15 08:55:58', NULL),
(202, 'LSRxaxSUuC9vrg93SAE0DGpLp08UwHihCkfXgXRRKLtdsQ4t71QgDPPeOpI2', 37, '2022-11-15 08:59:33', NULL),
(203, 'UERLWxkmLAEFopqRx24KnzBjzbLCsiKNZ8VLN3XajBkZvskppSJrhyxE1Sym', 39, '2022-11-15 09:25:15', NULL),
(204, 'UERLWxkmLAEFopqRx24KnzBjzbLCsiKNZ8VLN3XajBkZvskppSJrhyxE1Sym', 39, '2022-11-15 09:25:15', NULL),
(205, 'KixFpn1NAYdD5p6E8JuQvwSFGyhoCgvNEAALihfaQ6MvsozXTfb1Ua328fht', 40, '2022-11-16 12:48:51', NULL),
(206, 'KixFpn1NAYdD5p6E8JuQvwSFGyhoCgvNEAALihfaQ6MvsozXTfb1Ua328fht', 40, '2022-11-16 12:48:51', NULL),
(207, 't3mCVii0fFilHgsnzAap1caFJPHflSn1pgdw6mleaXCZbLx6bTewh2GfUBMA', 40, '2022-11-16 12:49:05', NULL),
(208, 'v1tP9aUHSNj12lCCkOBX6x1DUmSbwEGalYiiq56x9v7FgczgnL9MSPNjD2Sf', 40, '2022-11-16 12:49:45', NULL),
(209, 'IMa30BdTKydouFcKgfjIIKKyY8WqHvOfjsOU6HykWocs5KokSgoSvWbhaDWY', 40, '2022-11-16 12:54:00', NULL),
(210, 'lxyBTXS9ykHtBrUY0KtG3hAcG5N3qhmkyExn4eFtuZXQkI38BKXf2nB594OL', 37, '2022-11-16 13:02:11', NULL),
(211, '6v3LBtjlKGRmnSzDITafRH2XScwvA10y9OyCIeLXVqx9gpDjoJrs9tt8WhiP', 40, '2022-11-16 13:14:26', NULL),
(212, 'ycKxf9aLEjvoJYwfGisM4ibZLr7KViAIA9lGpKdzm3oZTuctE9ZSPXLkHWUx', 40, '2022-11-16 13:19:35', NULL),
(213, 'crC5RuH1SGwIzfWgq368FBLfqr4flxxJ5nTeBniX9MxmXSW2tPz0zk2sV3Si', 40, '2022-11-16 14:09:20', NULL),
(214, 'M6R5BrSeHkdUN5Jubxy0uPvLMrxygVXISXNECoNFa4JPS8oNHm5l5jJMu6n2', 41, '2022-11-16 14:15:21', NULL),
(215, 'M6R5BrSeHkdUN5Jubxy0uPvLMrxygVXISXNECoNFa4JPS8oNHm5l5jJMu6n2', 41, '2022-11-16 14:15:21', NULL),
(216, 'p3x3aY68OsL2Mi36PsrTWCxRmBMrGEyoo9EWY9t7QWphI6H23XFgHYsq13si', 41, '2022-11-16 14:15:35', NULL),
(217, 'dNx4x8aDYoKgNQt8wFL3ved4saLkXbflRzHyMWgyfXeametWjrhM40gZRnhZ', 43, '2022-11-16 14:18:30', NULL),
(218, 'dNx4x8aDYoKgNQt8wFL3ved4saLkXbflRzHyMWgyfXeametWjrhM40gZRnhZ', 43, '2022-11-16 14:18:30', NULL),
(219, '3vRGP57wTOZafOsQItCdkDIs2qSOfTHxHRRKshpcN0xEVPsTKGMAdlvwWsr7', 43, '2022-11-16 14:18:52', NULL),
(220, 'pqu5UiHTEGD4dxufwowLraCKSHkEFgbs3tvws2MG108xwH9CKDrHOXhbvHu8', 43, '2022-11-16 14:21:44', NULL),
(221, 'jVn0Anih4ryQ9HnjG39K6gaUBRjFdohZH2HhnPEqiM3iAVd2dKd3My573bfT', 43, '2022-11-16 14:22:19', NULL),
(222, 'sFk41mUcvAu94l5L3YbNVvSW9BwoRrYqCKesgUqotWkrIAVQS6W89Nes51nh', 43, '2022-11-17 06:48:51', NULL),
(223, '3zi2pQfUxZtzqmJxalfaFHaoarJCMBJGOd2beBW3rnYk9yAOKpGCrnKb29KN', 43, '2022-11-17 06:49:04', NULL),
(224, 'GqKJeRWJY1TAKAdkwGTVst2GUBMqNCqcan64cA7Rgzzk6lIpL82cbeq2kD9x', 37, '2022-11-17 11:47:49', NULL),
(225, 'VxLjPqjN4E6XWQRakSWalHl6xqMCxknKhIOdGLiB2ZDzqGmH78KTsqVJhdsd', 43, '2022-11-21 09:36:51', NULL),
(226, 'SMgddqJL10tlwrQTTrIMjZkrf8uJXhs70wE9pcBBCSOyIuqYmPTWzx4qtwoK', 43, '2022-11-23 13:53:45', NULL),
(227, 'Q84Q0rIlVCk671BFqoivPg3Oqtvj1oRGvUWRwYmnWjbWALPI2brhhDzzDhTY', 43, '2022-11-23 14:26:45', NULL),
(228, 'jUgObzbP9K7yduoAN2AbaTGsdROjxl4EQbXmGilcu0qPhN7h6gnIpDhMYvXv', 43, '2022-11-25 14:33:59', NULL),
(229, 'TasKD16dkD32Rw3oYmE41kfjOxhE9NR2JbLr3FreHH1SOIWmbDLZyzp44XTS', 43, '2022-11-26 13:41:56', NULL),
(230, 'wJE544vJ39wv7Uj91f93Vd9v9Exy8jNpAL5Sl7DVoGpfuwyEJfzZNNOhDZFG', 43, '2022-11-26 13:41:56', NULL),
(231, '3PzeCZFAzPgvl9oNzAC5OwmLGkO7wFFgsaZyTR9jRQ1KZPvKubdPBF5gg5do', 44, '2022-11-26 13:50:22', NULL),
(232, '3PzeCZFAzPgvl9oNzAC5OwmLGkO7wFFgsaZyTR9jRQ1KZPvKubdPBF5gg5do', 44, '2022-11-26 13:50:22', NULL),
(233, 'SV6YJLvSKMLKVYFsgRdbw1DKtobixMRSBgKBPqtJddQvcCxKoK0bAhJVGu5r', 46, '2022-11-26 13:59:47', NULL),
(234, 'SV6YJLvSKMLKVYFsgRdbw1DKtobixMRSBgKBPqtJddQvcCxKoK0bAhJVGu5r', 46, '2022-11-26 13:59:47', NULL),
(235, '1e8GM94zRUBLUlHC8GCu8UcuJxlwe1lV4TWe4feHk6cn92DG5lQpftayeLdF', 47, '2022-11-26 14:05:45', NULL),
(236, '1e8GM94zRUBLUlHC8GCu8UcuJxlwe1lV4TWe4feHk6cn92DG5lQpftayeLdF', 47, '2022-11-26 14:05:45', NULL),
(237, 'yIKYZpWKGFnrSjDxfAuXI0HrxkFsmViiIqjZJIRBertDNAyWwG0vbkhtxsIO', 49, '2022-11-26 14:21:31', NULL),
(238, '5xUDRp6mMsVnUPMJbSqlw3gt6Ie9P5XuYNR6XjDKO0SD2u0QfZ60cuV07Cd3', 50, '2022-11-26 14:26:26', NULL),
(239, 'afD1qiO37eNxq993F7c7mWKJRG8c8UgEGosq2JeLOBiaJvVzFqYMEmOwF9zS', 51, '2022-11-26 14:33:50', NULL),
(240, 'B4z0ZnSymaUAMf52mE5N0oCDSRBHoN0Ge75ignliAx40j2A50fu6nlbe6OJr', 52, '2022-11-26 14:34:52', NULL),
(241, 'yVfYwatlMAYTWKcejUbhIg8ET91QZ8AxQxtkJFOnqG8WzrU4l8NqXhwyJRoz', 53, '2022-11-26 14:37:05', NULL),
(242, 'uGOP5tm0ejg70EskLpyGddBmJ0DNVagR9IoByHtn4bdquvFSQcCjqac2g7j8', 54, '2022-11-26 14:40:32', NULL),
(243, 'RXdbqQmIZOvxz539Cz6DQfZbGaTXfANlEZRfqZ9oiw2UCUXIRcdmrRkSWs97', 58, '2022-11-26 14:41:00', NULL),
(244, 'doQBKbQ2AWZ9ou70KYrdr6kMnCPTzkM36k9KgExSrIv4V098BRIJNivIhYTy', 60, '2022-11-26 14:41:06', NULL),
(245, '61k10Am9TGMHdxt2GsSM22hNowpEsBPs17A3jjYKqiJGO8mO9STIeaTUN5zr', 62, '2022-11-26 14:41:11', NULL),
(246, 'Px6c6imJEYK8LaBpn2BrrLOMR2WLKPE2pCnapQ9ypEA8T058JKj7fVBg6hG7', 43, '2022-11-27 09:21:36', NULL),
(247, 'Ufnvahl20nwot28jcQBH799ltQcZ81PV05NfoRqvBeObfaJlbwbYc5BNwMu4', 43, '2022-11-27 09:21:36', NULL),
(248, '7UEp9C14ok0gqV1SsTeproScbXcAvuh5j5ZQFpAnneWF1Jxbu8U5ks7BISfE', 43, '2022-11-27 15:26:24', NULL),
(249, 'guSpQA8Zm3t3CdnvLRUjKsqCurnMnW0hrabiVmn35mRdN89Gz3RjhiIYh9B5', 43, '2022-11-29 09:38:50', NULL),
(250, 'x863t9lMjEaeik42R2HabZFU5eDLjN5uBegTrgvaiplghHg8Z6FB5qhRiRmg', 43, '2022-11-29 09:38:50', NULL),
(251, 'Nik2RVV5pP9cr4fF6OdAHNFAVMk83vEP6ofPG4cHrYkJFIKsci2zmIEDFMb1', 43, '2022-11-30 09:44:30', NULL),
(252, '3U2fNYTcEVzsnUxbbSS7LmGXjtekXNOO2tQo59OkHOpZdo1VK8G5rJ8CxqXQ', 43, '2022-11-30 10:24:56', NULL),
(253, 'na7zorGvHYI26TFlTdZG3cNOlfyQoX570HhJyjTdCqBd15M6GIZ9CNyqGgRz', 43, '2022-11-30 10:24:56', NULL),
(254, 'URjZKSit6WBqbZPxOuIAvc1wX9DDxBeKCLct2aMqZA8Wpvq0B0K6wc0GkiJT', 43, '2022-11-30 17:00:10', NULL),
(255, 'wmmx9RHmGK6xNLFuveiFRQfQVAOqYGYW2XLGbURW13Sr4UpkTMAgzAR90DM7', 43, '2022-11-30 17:00:10', NULL),
(256, 'bN01ADLdRMCjRHi4dlTqFOw4CZJSkno958yGA592QXLGNiNKF4h4tS21YHjC', 43, '2022-12-02 01:50:44', NULL),
(257, 'vCuQOygBMskoumMKCTdxugeOsRrfazHyChSJBSIyx2KWjIbk718pTO0v1wW2', 43, '2022-12-02 01:50:44', NULL),
(258, 'A1A27bF0YMc8J2j0ZT9msJrPXipH2uzI3IzdFuj27LhzutbgDQKhE4ACoxlB', 43, '2022-12-03 14:04:43', NULL),
(259, 'dqT8QyfueID61i5SqTB4D6F0Z4AyCxjkVkPmZvYJwOTaRNHqbV6GXhwYfcx1', 43, '2022-12-03 16:56:01', NULL),
(260, 'iypNKKpm4peGXT5N4bxdj4Y7WTXqJF3Qwxwzn8y9A105TN1vyuBhx4XvtGiL', 43, '2022-12-03 16:56:01', NULL),
(261, '6Fy3NP1t2Utk8HQIlep6kaJipsjNXzQUCvZIMa9LKEL3QeuZ9cG01iPISdBY', 43, '2022-12-04 08:13:14', NULL),
(262, 'OFSLetS1kcfh1b8UZsb78bQqgnNGeFzmsu4PAXOxYaLETx7y7Zd0cezb6WWx', 43, '2022-12-04 08:13:14', NULL),
(263, '1M73XmNndH4Y1Zv6N0Q5Jph8I19xXY3K5CgaJARpLFEPkZ0WtTWaXAfloh87', 43, '2022-12-04 09:00:03', NULL),
(264, 'Mk7GXslJItXxcIMYH5uTJKyueFaTzMbw6HDPFivQnZNRWLN7V7VV6p4LuoqO', 43, '2022-12-04 09:00:03', NULL),
(265, 'XZGkqG5dV1HVw1rCYglaiBiZ32Fe94p8U2GRWS2ArGUddqbTzvQq6poxF8uw', 43, '2022-12-04 10:03:29', NULL),
(266, 'oCfQYMsCEE0ea9q2lMcM2U8H8sAoFdc8YWyDSl8H9HCcNLJ6f9RgF14EFvtV', 43, '2022-12-04 10:03:29', NULL),
(267, 'KM1C8u7R0ZYDHkdu5QTkSqXaUzXl1TxfbpfuQKYUKORtBOl7V0vGdFnHXEfC', 43, '2022-12-05 03:43:51', NULL),
(268, 'jhTrvQ1mOsFXSiCn4u8t83rVUCITpVP90mWx7s0USHCv1L3SZ4Ncmt2VRjlE', 43, '2022-12-05 03:43:51', NULL),
(269, 'uEpvs8K598pmgLet2n8zkspL5OtYsSepbt2WkgptqcxsGiQNFn627hRpiWeh', 43, '2022-12-07 00:42:00', NULL),
(270, '1zWk14mIlT3FGv4NhKImbwaM2W6yJmzUuDXfTVrETSE18JJ0Pur76t6lSRqm', 43, '2022-12-07 00:42:00', NULL),
(271, '67rqulIrWRN29GJcNIFcUztlSAiWHSFb1R6Xw6Gre9GaEsEGoLihHgnjBjLj', 43, '2022-12-07 04:03:26', NULL),
(272, 'q3c6aRonEExMloznuQQgw0AkR8FIbuPwm2CNUbxeMjfuBzT7gDAl49wesVNK', 43, '2022-12-08 14:25:42', NULL),
(273, 'DmuHlpsejgwAfjJFLWWl6Nu1NLD4kjX75lWY0X0W4byjtFVXPgf7UKjZ1L0w', 43, '2022-12-08 14:25:42', NULL),
(274, 'q141hsolvafMsz3jTPLGOuntWiyRXOVeNc493Ybe5PNOm6CuEIPAuDRN6oSS', 43, '2022-12-08 14:26:14', NULL),
(275, 'z6imM3WYWI8dayeqkK8yKoom8VijpkETFsTdmqw9qqHfrsxuO6raskzGnLOK', 43, '2022-12-08 14:26:14', NULL),
(276, 'OmZK51JyrE1p0Q0t8ERHEukFpsYvJrVFrNC8MdeJR6wu9EPMzcgqrJfPdDZQ', 43, '2022-12-08 14:26:59', NULL),
(277, 'yHP7AfkMmoUdF6AwfRZRS5gnM0aAqtx1q3mMhUW8EaQVJ4HyO8X0H7IBTSHv', 43, '2022-12-08 14:26:59', NULL),
(278, 'fj2j0Of8LK6bWN2GEgLaTe4uLNrL5Mex9ptY7TodGBr4cSWbku50r2YmuNdq', 43, '2022-12-08 14:27:38', NULL),
(279, 'YzQU4jrRM8FeECcaRU91VR7xSyqBw9ru9RMmpPRUuyYTJE0j86uuGmcIZV7c', 43, '2022-12-08 14:27:38', NULL),
(280, 'UkyGQt40p0Lo4HrxhjXDqnbNyw6OMxE9MOFMqqsPvC9GDRkTNmKTJIY20rv8', 43, '2022-12-08 14:30:03', NULL),
(281, 'SwJi7cdb1CXbSbbuVVmbJ3c5nuAObAoJKVMlgpBrbbQDdU7jJ9ATBPTrDmgW', 43, '2022-12-08 14:30:03', NULL),
(282, 'hvgAh60avOQJ7Y7SD4bn8e1wo5AOzDX5vavWwjObFyjAvoIW8c8oZiAfpKLK', 43, '2022-12-08 14:30:47', NULL),
(283, 'wyeG0vjBQkJrQZfn83wvTfV8DGQgQSekaHaiCNLLtEaAgSQ29OYOiSCDMzBT', 43, '2022-12-08 14:30:47', NULL),
(284, '6DqETZ1ah9nukULUwAumD2BrtDmpZ9KSd09WjJLfZFwW4P83EKuUewyxZ8Le', 43, '2022-12-08 14:31:03', NULL),
(285, 'yEo7gaGL87kieNvYLDBHPvifLdMnVomrSUyvrn5nkKO7NYfgr8PU3EPzPyI3', 43, '2022-12-08 14:31:03', NULL),
(287, '1NhVcShJYr7U20a2nU2EwK4O5SHO61jEatdaXtR4wDG0ppVxe0TopWy6qhzx', 43, '2022-12-09 02:05:42', NULL),
(288, 'RU7IWJMh615COABorjBINgOxCZJVIxsDecoYOHmLDgmLPCAPMwtoLBkq4E1x', 43, '2022-12-09 02:09:49', NULL),
(289, 'OhQoagM57Kf9kueHJFFVIyTnLac3uvHoHBMx2ozQxL3C6O0piaJUI0RG88V6', 43, '2022-12-09 02:09:49', NULL),
(290, 'SiJLzJKITPmrVFP66BYw4ggAFoy1MqtAsYLcK42G7jMzrGW8oMpRcEnilomh', 43, '2022-12-09 02:22:17', NULL),
(291, 'eFA3xSdyfPE9RQZCCgOfsFz5lhpyTsN7SLK7y2qosm62oQfkC61bxQ7beOgK', 43, '2022-12-09 02:22:18', NULL),
(292, 'guFOQouTiVJPYx8XjXAKdSUHYCJAbeqdKq322LPkFqCLx5iAZcyRZdGaEeVS', 43, '2022-12-09 02:42:58', NULL),
(293, 'U3yZoVGh3NqvjFnFaB9Z2EZYotqIe0oIDrBxjQa1Ha1aFjnHwCnBy5EhUbfK', 43, '2022-12-09 02:42:58', NULL),
(294, '2pbTEF0zlv3x3z3oujliZYFFgh1tNGT0Ir6z0HsVSv9XqvYGMuivocAiVLc6', 43, '2022-12-09 04:27:19', NULL),
(295, 'XzLj87DN0KOL0E3KuLC4mPZ4C8X4qSXeduQAU074WGdY9PzSq6Pg0M14haJD', 43, '2022-12-09 04:27:19', NULL),
(296, 'lxfgCijxmrOinQW3ayqEx64NeYdJAStwHyMrcu3ui7jD56SVtv8Rna5pVdxW', 43, '2022-12-10 10:08:51', NULL),
(297, 'mUywl6qpjpsa22Xa9zG3Z6Luw0Ha415OFaRKFT7QJKHgKY99voKfjQqqVbVR', 43, '2022-12-10 10:08:51', NULL),
(298, 'iEekD4MQnHcB9gc5cmqKd0W4wzIN6CqFzHcIJDTOngxWWsLXsZsri6N1bE5g', 43, '2022-12-10 20:31:06', NULL),
(299, 'A7spVCKSZtIAmvye4usUXM9rhf6ra7qeCoSl4kkBYOMEWVRDi2AM3UMiYvIB', 43, '2022-12-10 20:31:06', NULL),
(300, 't3EZpsYTUbHCDF4Tdi5Z9j8gcNVI3MirR1hBX5eVXn3iZ4DYYTHPySxCusPj', 43, '2022-12-11 09:35:00', NULL),
(301, '5QiouI3hu21FrAvguinTDcC5faGiDzqCajZWHsA84ErkJeo5QGFFHEQyKR8G', 43, '2022-12-11 09:35:00', NULL),
(302, 'dQY9G0r5dKNi4QdypP4clcLXtaDWxMOfPh6wdXizAQ4JvQAnYIg4oC1zXlvY', 43, '2022-12-11 09:40:50', NULL),
(303, 'lem7FqGY6c4ds0m9lD1SuG7TDJNRqnWrE9nDpELFvbfCk4YElWCDBENOxN9g', 43, '2022-12-11 09:40:50', NULL),
(304, '6nkon3s5WWKcs1dZonaERVaF8yTKWBqYQO4aj6M1HNwUgBadEPJdx8fJFoXB', 43, '2022-12-11 09:45:47', NULL),
(305, 'u6T91HT3IJ0E9Z00kDdiKCeGwQwNVadjemZwdrSO9e2LU4YZpvKT8crZK2X1', 43, '2022-12-11 09:45:47', NULL),
(306, 'V19lwmklC8gHqVJXX9KXTfxgZuNoHWDFhZzNX6NNkfg1y8tFIT1tWXhYipod', 43, '2022-12-11 09:49:28', NULL),
(307, 'G4b2NkIiXPDVJ4rhy2R2rYiJkQ8UqGknWEgkIvmWTbcRmgbJexa0YWIZ37T6', 43, '2022-12-11 09:49:28', NULL),
(308, 't6hXHERCkNwqQpD6hotJL6tAwX6yO8sI5sI5KJYXtTJvcVcfEeKzFeDJ2EIp', 43, '2022-12-11 09:55:05', NULL),
(309, 'bsjuCgRkSL5G00TcbhlpxuujScHXdWMOiMvWOVxX1KGZPouI5I6FJ4KJolQc', 43, '2022-12-11 09:55:07', NULL),
(310, 'EOrPH5ciNGzgKQoZuT92XtMoB8JXge8QzxnhrAplU8DLI4Ed0BnIbJ3mxX72', 43, '2022-12-11 09:55:07', NULL),
(311, 'Y9aKdZ3QtTTZlMI67oC50LB2RbswdxUoIiS3a1Imx85ghvLQJjzLdUYS3Aa9', 43, '2022-12-11 09:55:07', NULL),
(312, 'QV7ennt3Mh04cWO8783lIhCdXM9q2pMfLtC7ZEt6UZbWxc9DKnhydBXk5Vss', 43, '2022-12-11 09:55:08', NULL),
(313, 'yM7aK8UimnMKKcGQ1EZuQV5GLomkfoxC84Po3dH0hHMpKUY5m9jDZTOsS79f', 43, '2022-12-11 09:55:08', NULL),
(314, 'ZVJgUuapiGzh83gU2i5t9TYyqrnKdCQ0EU0LSb4UTlqEo4dmvcC5EZ74ZLnr', 43, '2022-12-11 09:55:08', NULL),
(315, 'TborXIuT2P7oOSAQsFzxaDPaGJGICYrBxmirXOnlR4rkpeClgH1opJMbKCKo', 43, '2022-12-11 09:55:08', NULL),
(316, 'Yaz2mVM12nIqpJt0kfrExiAmMxgu0458UykcUQKuvViPJYGVBGoDHT0bo7IF', 43, '2022-12-11 09:55:08', NULL),
(317, 'Gq2NhuLrxuBW1qq6gxzSqNvPlUwRT3swyVB862JuMc3jl4l2g62ZOXhfnkaV', 43, '2022-12-11 09:55:30', NULL),
(318, 'U52oxxhZp30NjlVVTmrNJx3kigBqTso6qybPSeR1fHDlv1UkshrjKOftLH46', 43, '2022-12-11 09:55:34', NULL),
(319, 'iszN5RoxiMOvYbdKwQ7rTy5G6XV0aeyO2Kiz7qEwvKQfdG63VCzQO5Bv47xo', 43, '2022-12-11 09:55:49', NULL),
(320, 'F7LUgNCu9zqasIisWotCwpcpO6lAlxeHMrOz1XCVjtI7gD1nH0ULJ5idqdvG', 43, '2022-12-11 09:56:14', NULL),
(321, 'D9mb1KVKIJCQGjP5h9ejzbjwv0SAUpC993lenb9qZPs347gmYMG142pQmbvH', 43, '2022-12-11 09:56:15', NULL),
(322, 'cQjta5dDyHThdBLdkpCsJ5JYJPhXSuYk3VCNcRLObqJxcct1vuUl94gGf67T', 43, '2022-12-11 09:56:16', NULL),
(323, 'XTphhFeOxBPrZEAwhn2YvefxPmp6tDioaPgWWwDVNL0FSj8N1nQe7ay9YRHv', 43, '2022-12-11 09:58:34', NULL),
(324, 'YNuPZ7F8aYYKJjiPBvGeZ3rr7ttYrZkPDFd9Wmehh62xh84HH4p4CWzouUhs', 43, '2022-12-11 10:05:38', NULL),
(325, 'J1iS0N1fj5GBAbkgwDpKywU2IQ0Dc6ROjH3sGssz0Z1jqbKki78XRcRHkpb9', 43, '2022-12-11 10:08:39', NULL),
(326, 'rGEMaYbzKgg02ud4Kra2nNa5ehifkHCJWwsxm8rHHL9PhleWzpljW0b0DM0E', 43, '2022-12-11 10:09:27', NULL),
(327, 'zMjEx08aqNl2k0aaBuNL0zpg80Lcr3eJXZF7xWn0GpuwZjmhG5bs0fuq8qGC', 63, '2022-12-11 10:10:20', NULL),
(328, 'QmfGoKSTF1n8zyoO73tk59K634KuXhNoHwYDiM39z03i1EHbG3WthGg6xwon', 43, '2022-12-11 10:10:30', NULL),
(329, 'gmcA7eWxDdHE7QYWzHuLY4SfkSWp5KXy6seaNKl7EjAbLlzl2yJXnTCQTh2c', 43, '2022-12-11 10:31:21', NULL),
(330, 'XtCSbjvptUE0fGCSatOStDrBPs6zA4aBuAvBUCrUvFB2wqI9bIoDBEmNXygs', 43, '2022-12-12 03:49:16', NULL),
(331, 'quqDs96MwGAtmYV1YKl2Cj850zAI8ZyY21VaxWXghEJ8XgpcAbU5rYejd7A8', 43, '2022-12-12 03:56:56', NULL),
(332, 'B7vBLjdpC720f62KR4sx60WJYxli73WIW2RfuuHkdmNL5BAZZ2GGihRrCzhY', 43, '2022-12-12 04:02:47', NULL),
(333, 'DoclFRH1fTAGnXISYBmPNeU2z6IRUjypwrWTEJMvYQzKQ8ySCX1nYbfX0s65', 43, '2022-12-12 04:20:02', NULL),
(334, '75r9J3XpQVJnF9e7Y8k54jPk3jLNK9H9brUiqx6zwQVhMA5EIGlZx2eNgVtD', 43, '2022-12-12 19:46:11', NULL),
(335, '3B60EQV9FUoBgA9bmuV9Hds4zktletZztyC9DGzzEcSb57Aj1OJoLvqOoOKD', 43, '2022-12-12 19:48:47', NULL),
(336, '2a6PI3NJHxhiLk9QLb4ilxezFaH0cyTE2h39FXpZ4AhWN5tkxdQsRq9lpsLW', 43, '2022-12-12 19:51:18', NULL),
(337, 'QwHe10ZD33MEaepYiMEleead09sW5LOnwFMds1moiZj8pdB7MyHZJzXhbu5H', 64, '2022-12-13 04:41:51', NULL),
(338, 'f8vexzUz6KMkBiqQWBYLnIxSKHoqnHE1k9dd0oe1oOpqDEsvdmecxBvq1MWt', 43, '2022-12-21 13:10:27', NULL),
(339, 'hITHNlqWNzhITVj5shbGGtxWBTxbU8WEb2aURP2QtRICCwQOqOTyzHhDMb2I', 43, '2022-12-29 14:11:37', NULL),
(340, 'gJkEjhPszuOmUgp0ea0PYji44b29I61K3WbnqyDA3FEYdeOKXtaKbcNfn6gr', 43, '2022-12-29 14:12:31', NULL),
(341, 'gPZC85rQIHDsO0XfW34KDQdk7ZnIluD0raMLwZkikqbmE1KGpx69eRK0warR', 43, '2022-12-29 17:01:23', NULL),
(342, 'gvK6KnXQ64uEdaVjlEUmt7UVhY75oxUzCaaGjrugwNOSiZOoML5MFIOkXkzG', 43, '2022-12-29 17:27:28', NULL),
(343, 'egQMjbZctv0CWGUiNMHoWpjiSzfWM3kjA46JrMvwkSwOX5N6NSuv6rwcmqYU', 43, '2022-12-30 11:08:43', NULL),
(344, 'zv2SMWp9AfEfuMxOV8RgGWqz9MXtP3LI0laDNy1rS2gTkZSQ1k7ul0Xp1Dyg', 43, '2022-12-30 12:03:17', NULL),
(345, '2KtaEiSzSOM63gRUlOOGGHtegbrsDTVlPJmbGvpMP3J5Wcj7ajfrljdGUqTq', 43, '2022-12-30 14:44:06', NULL),
(346, 'K3bOoUiCFPjZHnwirXl9NltZUOFGcrjQzIXPAbMNAefNeUXLbXs5C3IgDbTy', 43, '2022-12-30 14:44:35', NULL),
(347, 'or6WCdg4uRBsiUQavbms5fCZAsFGG8bZ3lfd9X5YcILG1LTuwMaPTeWibsrG', 43, '2022-12-30 14:47:11', NULL),
(348, '6omzbf0B6DYRjNxzqOTUz1jVoiJFoi8RxySOsFyudFmqYZwuMNGCf8IoZ7Wm', 43, '2022-12-30 14:50:57', NULL),
(349, 'PvRyrQx91tPqIPd1bQXgqfuuZ93Ca4RHyYVm1JoFY4kWWi9iYyRlAT5myvD9', 43, '2022-12-30 14:59:35', NULL),
(350, 'b0uSpLI0F7BxZqrw9QDSinq60SvDYCKSKZP1itxNoERhgibsBgO6ByqV4l5b', 43, '2023-01-01 10:34:48', NULL),
(351, 'o1YciZysPtprsrzZxTUhT9PsQ8CtiPHgqF4mnDcdjMvUGwWzK1Hlagbh2RO5', 43, '2023-01-01 11:00:18', NULL),
(352, '4HIlAFgdX8dkWefsrNDzVtiL7YxTynX8XM9Upy1PCqtTwTlldDSTa0zy4V1W', 43, '2023-01-01 11:02:41', NULL),
(353, '5eGhF7ZQ0prWlBfIO7RqkSRP4oWbcmBN7mQgrUo1CYBaSSsOwoDYzSfOwDb4', 43, '2023-01-01 11:17:34', NULL),
(354, 'Yj7TdsLMJMl6qNccdFrjkw5eBDDWOxrugoIRqqJGvzdHZ6jD9uYDapF4A8Ss', 43, '2023-01-01 11:18:19', NULL),
(355, 'E3QZY25lJBBVJtG4P0dSzGBan05wzhmN5kjNwwotpigiHtr2Qhtiqr67XDTH', 43, '2023-01-01 11:18:59', NULL),
(356, 'DZ3Pa27zpTBZOOKlcytNKe2Vo7SGNHw5y43Ve7frFNAJwkRmyW3NldKWrfPH', 43, '2023-01-01 11:19:19', NULL),
(357, 'rtKnmUMRcajZvlAPHnpozMnjI8ZnR5kycWtcxBFibR3rpsMoqZDIP3ZqG0Ld', 43, '2023-01-01 11:20:30', NULL),
(358, 'lTM4MFHUg4ndPtigPdSJfcAn400InRyX1Hdhix1PyMiWQx1UuRXKIkkUYnCr', 43, '2023-01-01 11:23:21', NULL),
(359, 'vCMiKM4TmIE0NASuMR9kVAtgbaoviAzoVuDAcR6cuCw4wIupgOTaQRjDefK8', 43, '2023-01-01 11:26:55', NULL),
(360, 'EJB98wyV4I9s7id7OHQ6KNMtSapJLNuLF2PkCusiqRjvE4QUXjKhnQ7fsxe0', 43, '2023-01-01 11:34:30', NULL),
(361, 'bhlsK0ZOlKHAovXx2fC7CdPWqbFXUU8g8UzKa3H9bnpTRs1wEOhAAKjv6Mbd', 43, '2023-01-01 11:34:45', NULL),
(362, '3ZRwI5XTRVZ6OVBHbMXzAW3O2zl28fi7mS0QNe1rZFqO8DUlXspbRKJBE0gP', 43, '2023-01-01 11:48:52', NULL),
(363, 'Km7f65RmACeLxqYMqR5gM0G2GSVAti4yweG6d6zZ1T5gRR8tTfM6RSFz8cFd', 43, '2023-01-01 16:16:04', NULL),
(364, 'lxsQ8txE1bbGCvqVMeFgaBgYQOz06XD5j4mPdnvhUQNe4HbJTNxOE0P7hIKo', 43, '2023-01-02 08:48:15', NULL),
(365, 'dc7lW8yaynptIGdLrHDqzYIvChpSPDjurOnsv4QS0uUkFZ1kTn8dSBon9qLF', 43, '2023-01-02 08:48:58', NULL),
(366, 'b8glHnhN8SZACmN9njdKAXm9m50PiriwHDe6nDhmB7VpF64RvkxpPQNYbCus', 43, '2023-01-02 08:58:17', NULL),
(367, 'TGdDkHz8g9F63QlMQO67tW6PntZcyUYbhgFWHjCxZdaQbX1QVcLimw49JmoB', 43, '2023-01-02 08:59:13', NULL),
(368, '8CQbTJtgH4PFLzLx28n0px4hMjFcXuxxi1IIQScrl4QjLCr1xXlWSVZgjsuW', 43, '2023-01-02 09:33:29', NULL),
(369, 'YCVMmAJANvgBflModziNGP09hJgLLtdD9Cx7iFqDlWyZeCWEbIyJwDQgiUsC', 43, '2023-01-02 10:12:55', NULL),
(370, '7AT7I8jjzGr3i35ngBnjWOwWpXIx7K1ztoehZLZNH7z1bCjCDXDFZiuVcV3v', 43, '2023-01-03 09:53:46', NULL),
(371, 'eE6PT5x9xI0iTLtfap30zz6JVYGvSIsIvIbmKGSxm325tncTuxijd4IRRadt', 43, '2023-01-03 11:28:07', NULL),
(372, 'Fgi4OhihYR6mFfxOelLJbNBWbZVjdGNfxzG4R4CUuYBuFpEPNV23KuDOKMAf', 65, '2023-01-03 11:28:50', NULL),
(373, 'HXdoGN1lc7pdb5worwJpwg6egZGEeO5WCoiRHrEO8WthwWMvIE2RPT4kZfKS', 43, '2023-01-03 11:35:54', NULL),
(374, 'SA6RFjABIDP0g1sHXVrqarRPNLyjDuy93WLnh0TtXHvE1UQknPilBnK0Mxdf', 66, '2023-01-03 14:22:04', NULL),
(375, 'T7dl2npILhzvJlQVS84pf8MXpBcFCQ7gn255RUIhs2g68OIcGXoMaVuA0IIj', 67, '2023-01-03 14:50:44', NULL),
(376, 'rAuCldh6Q7MMLprZebPLjy9PTX7UjwXzyM6nZBrjWEUgTyi7ogsKuHAXHWku', 43, '2023-01-03 14:53:43', NULL),
(377, 'BBR8RVNu4DznFRMOnPMbBPO20Q8pFCD8CH61BovjYHwtCZjrEhvsul0tzyAn', 68, '2023-01-03 14:54:45', NULL),
(378, '0eWq2jVd76OWGkcCYtfaywzch1oLuYq1on95qmyRh9zHZfyFzHQrta7mV14d', 43, '2023-01-03 15:01:16', NULL),
(379, 'owbtdSJf35p5ka6Do3nyt9CNHNfTuVNwveq15hgRCzgzSsSCp7zD6Umdu5dA', 43, '2023-01-03 15:05:15', NULL),
(380, 'kEFQFKDUi7UlBThajoGgfowYmjBjMWPURzzqrF3MGfRBnMtPuadagrEc4wde', 69, '2023-01-03 15:05:53', NULL),
(381, '4sQuRtSUkzvrqIGDqsWPVlVk5iXri5NdyEos2Jh7XEn9ZjGGnj6yfDSb8kZK', 70, '2023-01-04 01:21:26', NULL),
(382, '00nfgCD8pIeW9jtofM8CY2uR5CecwHmDxMG1PGDXceSXqaZHFyG8Zzzm4vg6', 71, '2023-01-04 01:24:37', NULL),
(383, 'AwNFkre3wfoZ8lj8fCkJDXlJthexiHC6tFfQkDajCS6QSUST6BFB93ykJFJm', 72, '2023-01-04 04:32:14', NULL),
(384, 'hoeUjjnDbPU9t2msL2F0cPhE9jDsBljz5FmG2iF8kzmyIxnJTiPULTvECEYt', 73, '2023-01-05 10:00:49', NULL),
(385, 'gFNoM9I48HrvPRD4SAW4YNwDOOThDGWkYr5AQoD36MwDg9g6gMns5pWt78gp', 43, '2023-01-05 10:43:15', NULL),
(386, '7GG0dUQBURLQUZD3CqZnsEk07th23Mbh6okgdPnhisb6jUocUSTazPoVvfcy', 43, '2023-01-05 10:44:20', NULL),
(387, 'r2zBCImQCcIqLGEch3WWPzI4iXUSapI2kO320tGljiUW63g34xX1T6ZP30PK', 74, '2023-01-05 10:45:07', NULL),
(388, '8SUOa3vyyuL1X8x6LMmPuDakEaXj3UjF77ktifMDR7ca4EFosewu3SnKBbwc', 75, '2023-01-05 10:47:29', NULL),
(389, 'E0uSLo644PVyL8I7iN9NLTkKRvc66H9bIcAcAoNdjH5eLeEUvzSSSNOBfCIm', 76, '2023-01-05 10:51:01', NULL),
(390, '1G8XhCoOXgg8gxbx7ou96fm5U5WdlYKkWy9o7NiGQQBxl7b3fOHrGU8n1ez9', 77, '2023-01-05 11:04:54', NULL),
(391, 'V4aY7eZxmDVOjsI2f27jULDcKAiMnE0hFCsNURmRdQuW06Yes2VmZvBlM3OW', 78, '2023-01-05 12:29:34', NULL),
(392, 'ubBDzfxK8SqA3fSrrkR2SjaN8OeT7hLHDmQtlkHM6DusVGq13QTyGfXpJbQ9', 79, '2023-01-05 12:30:52', NULL),
(393, 'XlS0NZgcNcGDlpNxLMAgRS2JJWrNwpg3ROJpq74eumJGiUWTkg9d6obhBnA2', 80, '2023-01-05 12:31:48', NULL),
(394, 't2kwseXqEaa7AMxjoKgi2tG8yHmJprzCwZHGZ5p9Zcxa1Z7Wr4aHVIRVGn6u', 81, '2023-01-05 12:37:10', NULL),
(395, 'fBXLo1GY7bgCkCjcW8ifpwYQ0zRJiOm2zhu6XZi0qMUKxz5Y1hjS5pXJH8eV', 43, '2023-01-05 12:41:00', NULL),
(396, '7Iif2ErqSS2O1ytpcTIKmkXJCQLwUixrMkBQk9BRFHRFkE3mDIM4YXsXhEDo', 43, '2023-01-05 12:45:20', NULL),
(397, 'MYkUHjYTLgfXs7ll6s6UE9p6PP1iQyiW8m4m5lsc31KDJGvvVIsNcbACRgR5', 43, '2023-01-05 12:45:44', NULL),
(398, 'ZsqbUtEbxXJmfrpmdqJZw0L34RqnX4QcfugQGDkimUNDN5DfS2awsiiRLtDS', 43, '2023-01-05 12:47:12', NULL),
(399, 'ZHxxhphLpF0mXDL9l176jhaBfpHvYFrUnP1PmHZTVvEmcnmXroKJAchIpGfq', 43, '2023-01-05 12:48:02', NULL),
(400, '8dZ2roRDqoDqZS4A18uVyFyfLtb2bpDMzUAmEZmTlKCW5AgvFoLSD2WIAUCb', 43, '2023-01-05 12:49:07', NULL),
(401, '9VrnWqKvYrdOhV8rsWqv4STMxN95JHYr2STPER5OgvtLvToFP79FpNqVRiJf', 82, '2023-01-05 12:49:31', NULL),
(402, 'QkETAWVi8xo5nVYwEy2VyEqURwkaOpeHsZ2O1FdQuaWXFL63YMI9rG4SKf6m', 43, '2023-01-05 12:50:11', NULL),
(403, 'NdvPYdmja8MSGNduw6snhcaFMppzfjqOwsC24ivGTPXHSysloOga2ZZkcRLR', 83, '2023-01-05 12:50:49', NULL),
(404, 'zK07wMMVF0FaCEa0qAXhuc3PiaWQ9ri7A7or87cKZpMbMSnqCBqoCfJ1ZaAa', 43, '2023-01-05 13:11:55', NULL),
(405, 'Gw6ZMNWMKXMOrM4yCOGos9YCcEqvqY98uNoIYRW9XwaNpwLn76F0vI82CojP', 84, '2023-01-05 13:30:07', NULL),
(406, 'X6ZMgNXMsf6LURzyayqwtmNsRQ4CjL7G9thVVgNFmjZwaTlhrLzGjOZVWRBt', 85, '2023-01-05 13:35:00', NULL),
(407, 'ABMsp5Wk9Y2aBzAYm2r9XZLJP6SNWnxFeV4eKFRGapRQzICweuT9aac2oeaB', 86, '2023-01-05 13:42:08', NULL),
(408, 'FxgzSC484tFDTw78uMG9wUv8GK75Uoeu9vOB1FZEeJWMbWUQfuGtxZIuxuBE', 87, '2023-01-05 13:42:52', NULL),
(409, 'WehwrMik490uXzOz4KqwRT7FruMuGDiL8FirWg2USj8aN1iqMV7QDdbpIpkK', 43, '2023-01-05 13:50:34', NULL),
(410, '0vnecIAoVVxDI6YJDnTRQPz1fOLDVhnru0QlJequRpsy9GCV8GXuiJwjx31o', 88, '2023-01-05 13:58:20', NULL),
(411, 'ME9RXlZMlANg66bJI32gQ02H2yZVnHp2pnYGNHs7Uera2dy1XUtXAEMlOEQB', 89, '2023-01-05 14:20:29', NULL),
(412, 'oEOmkDgdIMuIrTBc4wq8duyxJhYdGYfJtkjjrEIjYMiwmQyBKZaL6n2b78mw', 90, '2023-01-08 06:35:42', NULL),
(413, '1sGZPW9CXZ7hmuZtPUCBh3SGuGvB0npXRo54zwSzDxoe5mqwHS1z8OVXd9Um', 91, '2023-01-08 06:36:48', NULL),
(414, 'jLJE04JD3tLTqc4kNdFrNhpyU5HNieA6ylUjnYQJTFy4b99cB7032NE3e0kf', 92, '2023-01-08 06:38:16', NULL),
(415, 'EJosRIkHce8bN1P4XaI5bSnBFr81GnH3OjCj71g6CwP7nzjgN5emo0obDyYB', 93, '2023-01-08 06:43:05', NULL),
(416, 'gcF4lzCvRpVAl6r4gW8YJCYrPKjFaOLt7f05LCFEv0LWZSjKrC4AGghr9RGJ', 94, '2023-01-08 06:43:39', NULL),
(417, 'YvbIM6XTF50EWB1JpRZsiOGSTQlNfRoG6WTJdZi78Ot4ijW8zJLoC4shyPMF', 95, '2023-01-08 06:44:18', NULL),
(418, 'dt4dIPidWm2NJjM0VLkLPGONZ2kqmbY7cZM4BWKjys69NtWUSBvJEb6EF0JN', 96, '2023-01-08 06:46:30', NULL),
(419, 'wk0OGk63UqqoubI3FHVwGXWdTSswQ4ZiFqfWRsKWvplFlP8LAenJkDWmpTg0', 97, '2023-01-08 06:48:01', NULL),
(420, 'gBrnbCPtagMGLWs30nxuh59dKhxcvr8K8OeCIsMngjjAYmvlgU1HQlQwHco6', 98, '2023-01-08 06:50:15', NULL),
(421, 'TJ4jp4VxNLOJSs7yT9YxcyliJA3gdO0eNFs246jE3Wapwo2TG7TB9PXxbSWZ', 99, '2023-01-08 06:50:49', NULL),
(422, 'BoZKdzUKqqcYrmxNaNLC2q2JG9YjtRNmLXZtcbBgvWbF5hVM5hs6yrd4inxU', 100, '2023-01-08 06:51:38', NULL),
(423, '3v6XiemuW5Hd0Rz1B7MTcHiwHqvybthait5WaSxBhXr1VgOJhqJtSMwRDPC2', 102, '2023-01-08 06:53:25', NULL),
(424, 'ivk1N95STZQ9PnP9w11mYUtNBrwHO7RgBFWFnJ7bIAuwUMkftCVD9YfDSjUl', 103, '2023-01-08 06:54:31', NULL),
(425, 'hf7dMZJPo9ri4CLhgfllo7kktPiPEJhEsT7UKFcfRb2tgxyMetT4rYL5amWf', 104, '2023-01-08 06:56:16', NULL),
(426, '94YwedR8V33tZUfcyfJnybGaxXkNCh8XJXMJwCFeXqa9EbannrE5ue1juBc5', 105, '2023-01-08 06:56:58', NULL),
(427, 'hczyZNTHzUJ21DWhZ2qz6O6mTK8tEism0G8Ro584IATqiVbsyQt5ZpV7ePlI', 106, '2023-02-28 07:26:18', NULL);

-- --------------------------------------------------------

--
-- Table structure for table `categories`
--

CREATE TABLE `categories` (
  `id` int(11) NOT NULL,
  `name` varchar(55) COLLATE utf8mb4_unicode_ci NOT NULL,
  `company_id` int(55) NOT NULL,
  `created_at` timestamp NOT NULL DEFAULT CURRENT_TIMESTAMP,
  `updated_at` datetime DEFAULT NULL ON UPDATE CURRENT_TIMESTAMP
) ENGINE=InnoDB DEFAULT CHARSET=utf8mb4 COLLATE=utf8mb4_unicode_ci;

-- --------------------------------------------------------

--
-- Table structure for table `codes`
--

CREATE TABLE `codes` (
  `id` int(11) NOT NULL,
  `email` varchar(55) COLLATE utf8mb4_unicode_ci DEFAULT NULL,
  `code` varchar(11) COLLATE utf8mb4_unicode_ci DEFAULT NULL,
  `created_at` datetime DEFAULT CURRENT_TIMESTAMP
) ENGINE=InnoDB DEFAULT CHARSET=utf8mb4 COLLATE=utf8mb4_unicode_ci;

--
-- Dumping data for table `codes`
--

INSERT INTO `codes` (`id`, `email`, `code`, `created_at`) VALUES
(1, 'tutrongtien198213@gmail.com', '463621', '2022-10-21 18:39:19'),
(2, 'tutrongtien1996787878@gmail.com', '943286', '2022-10-21 19:00:55'),
(3, 'quocbao@gmail.com', '815493', '2022-10-21 19:12:01'),
(4, 'quocbao@gmail.com', '157514', '2022-11-16 18:33:28'),
(5, 'quocbao@gmail.com', '607873', '2022-11-16 18:34:55'),
(6, 'admin88@gmail.com', '933990', '2022-11-16 19:55:01');

-- --------------------------------------------------------

--
-- Table structure for table `companies`
--

CREATE TABLE `companies` (
  `id` int(11) NOT NULL,
  `name` varchar(55) CHARACTER SET latin1 NOT NULL,
  `email` varchar(55) CHARACTER SET latin1 DEFAULT NULL,
  `phone_number` varchar(55) CHARACTER SET latin1 DEFAULT NULL,
  `address` varchar(255) COLLATE utf8mb4_unicode_ci DEFAULT NULL,
  `logo` varchar(255) CHARACTER SET latin1 DEFAULT NULL,
  `created_at` datetime DEFAULT CURRENT_TIMESTAMP,
  `updated_at` datetime DEFAULT NULL ON UPDATE CURRENT_TIMESTAMP
) ENGINE=InnoDB DEFAULT CHARSET=utf8mb4 COLLATE=utf8mb4_unicode_ci;

--
-- Dumping data for table `companies`
--

INSERT INTO `companies` (`id`, `name`, `email`, `phone_number`, `address`, `logo`, `created_at`, `updated_at`) VALUES
(1, 'SAMSUNG', 'samsung@gmail', '111111111', NULL, 'samsung.jpg', '2022-09-08 10:11:13', '2022-09-22 17:34:16'),
(2, 'APPLE', 'apple@gmail', '222222222', NULL, 'apple.jpg', '2022-09-08 10:11:13', '2022-09-22 17:34:16'),
(3, 'SONY', 'sony@gmail', '333333333', NULL, 'sony.jpg', '2022-09-08 10:11:38', '2022-09-22 17:34:16'),
(4, 'LG', 'lg@gmail', '444444444', NULL, 'lg.jpg', '2022-09-08 10:11:38', '2022-09-22 17:34:16'),
(5, 'HUYNDAI', 'huyndai@gmail', '555555555', NULL, 'huyndai.jpg', '2022-09-08 10:51:53', '2022-09-22 17:34:16'),
(6, 'TOMOROTA', 'tomorota@gmail', '666666666', NULL, 'tomorota.jpg', '2022-09-08 10:51:53', '2022-09-22 17:34:16'),
(8, 'xiaomi4', NULL, NULL, NULL, NULL, '2022-11-14 14:21:23', NULL),
(9, 'xiaomi7', NULL, NULL, NULL, NULL, '2022-11-14 14:49:51', NULL),
(11, 'xiaomi9', NULL, NULL, NULL, NULL, '2022-11-14 14:56:39', NULL),
(12, 'xiaomi11', NULL, NULL, NULL, NULL, '2022-11-14 14:57:07', NULL),
(14, 'xiaomi76126312312', NULL, NULL, NULL, NULL, '2022-11-14 14:59:13', NULL),
(15, 'xiaomi67', NULL, NULL, NULL, NULL, '2022-11-14 15:00:46', NULL),
(16, 'xiaomi673', NULL, NULL, NULL, NULL, '2022-11-14 15:01:48', NULL),
(17, 'xiaomi6733', NULL, NULL, NULL, NULL, '2022-11-14 15:02:08', NULL),
(18, 'xiaomi67333', NULL, NULL, NULL, NULL, '2022-11-14 15:02:54', NULL),
(19, 'xiaomi673133', NULL, NULL, NULL, NULL, '2022-11-14 15:07:18', NULL),
(23, 'xiaomi6731787833', NULL, NULL, NULL, NULL, '2022-11-14 15:43:23', NULL),
(24, 'iphone14', NULL, NULL, NULL, NULL, '2022-11-14 15:50:45', NULL),
(25, 'admin_udo', NULL, NULL, NULL, NULL, '2022-11-14 17:17:14', NULL),
(27, 'admin_udo2', NULL, NULL, NULL, NULL, '2022-11-14 17:28:43', NULL),
(28, 'admin_udo3', NULL, NULL, NULL, NULL, '2022-11-14 17:33:07', NULL),
(30, 'admin_udo6', NULL, NULL, NULL, NULL, '2022-11-14 17:35:27', NULL),
(31, 'Udo_admin10', NULL, NULL, NULL, NULL, '2022-11-14 20:49:17', NULL),
(33, 'Udo_admin11', NULL, NULL, NULL, NULL, '2022-11-14 21:10:20', NULL),
(34, 'Udo_admin14', NULL, NULL, NULL, NULL, '2022-11-14 21:19:13', NULL),
(35, 'tuphuongdanh', NULL, NULL, NULL, NULL, '2022-11-14 21:19:57', NULL),
(36, 'danh12', NULL, NULL, NULL, NULL, '2022-11-14 21:22:55', NULL),
(37, '0349194952', NULL, NULL, NULL, NULL, '2022-11-14 21:25:35', NULL),
(38, 'admin9000', NULL, NULL, NULL, NULL, '2022-11-15 16:25:15', NULL),
(39, 'ADMIN88', NULL, NULL, NULL, NULL, '2022-11-16 19:48:51', NULL),
(40, 'ADMIN8888', NULL, NULL, NULL, NULL, '2022-11-16 21:15:21', NULL),
(42, 'ca phe 123', 'caphe123@gmail.com', '0901915120', '123 trung nu vuong', 'uploads/companies/avatar-1672650011271.jpeg', '2022-11-16 21:18:30', '2023-01-02 16:00:11'),
(43, 'admin98765', NULL, NULL, NULL, NULL, '2022-11-26 20:50:22', NULL),
(45, 'admin1234', NULL, NULL, NULL, NULL, '2022-11-26 20:59:47', NULL),
(46, 'ad987654321', NULL, NULL, NULL, NULL, '2022-11-26 21:05:45', NULL),
(48, 'admin987654', NULL, NULL, NULL, NULL, '2022-11-26 21:21:31', NULL),
(49, 'admin9876543', NULL, NULL, NULL, NULL, '2022-11-26 21:26:26', NULL),
(50, 'hdsbdgwedbasdv', NULL, NULL, NULL, NULL, '2022-11-26 21:33:50', NULL),
(51, 'asdasdad', NULL, NULL, NULL, NULL, '2022-11-26 21:34:52', NULL),
(52, 'asadad', NULL, NULL, NULL, NULL, '2022-11-26 21:37:05', NULL),
(53, 'asdasdasdas', NULL, NULL, NULL, NULL, '2022-11-26 21:40:32', NULL),
(57, 'dasdasd', NULL, NULL, NULL, NULL, '2022-11-26 21:41:00', NULL),
(59, 'dasdasdsas', NULL, NULL, NULL, NULL, '2022-11-26 21:41:06', NULL),
(61, 'dasdsaasasasdsas', NULL, NULL, NULL, NULL, '2022-11-26 21:41:11', NULL),
(62, 'admin123', NULL, NULL, NULL, NULL, '2022-12-11 17:10:20', NULL),
(63, 'dgewgewg', NULL, NULL, NULL, NULL, '2022-12-13 11:41:51', NULL),
(64, 'buicafe', NULL, NULL, NULL, NULL, '2023-01-03 18:28:50', NULL),
(65, 'moccafe', NULL, NULL, NULL, NULL, '2023-01-03 21:22:04', NULL),
(66, 'lanhacafe', NULL, NULL, NULL, NULL, '2023-01-03 21:50:44', NULL),
(67, 'cafemoc2', NULL, NULL, NULL, NULL, '2023-01-03 21:54:45', NULL),
(68, '1234cfe', NULL, NULL, NULL, NULL, '2023-01-03 22:05:53', NULL),
(69, 'vinacaphe', NULL, NULL, NULL, NULL, '2023-01-04 08:21:26', NULL),
(70, 'lanhacafe2', NULL, NULL, NULL, NULL, '2023-01-04 08:24:37', NULL),
(71, 'PHOCAPHE', NULL, NULL, NULL, NULL, '2023-01-04 11:32:14', NULL),
(72, 'gocnhocaphe', NULL, NULL, NULL, NULL, '2023-01-05 17:00:49', NULL),
(73, 'hemcaphe', NULL, NULL, NULL, NULL, '2023-01-05 17:45:07', NULL),
(74, 'csjdcnjsdnjcnsd', NULL, NULL, NULL, NULL, '2023-01-05 17:47:29', NULL),
(75, 'asdsdsadaddas', NULL, NULL, NULL, NULL, '2023-01-05 17:51:01', NULL),
(76, 'ddhjabhsdbhadha', NULL, NULL, NULL, NULL, '2023-01-05 18:04:54', NULL),
(77, 'hjjnjjjhjhjjhjh', NULL, NULL, NULL, NULL, '2023-01-05 19:29:34', NULL),
(78, 'jueu2heu12', NULL, NULL, NULL, NULL, '2023-01-05 19:30:52', NULL),
(79, 'djashdhasdhasd', NULL, NULL, NULL, NULL, '2023-01-05 19:31:48', NULL),
(80, 'sjdnajsdadad', NULL, NULL, NULL, NULL, '2023-01-05 19:37:10', NULL),
(81, 'admin312312', NULL, NULL, NULL, NULL, '2023-01-05 19:49:31', NULL),
(82, 'djaksdkadad', NULL, NULL, NULL, NULL, '2023-01-05 19:50:49', NULL),
(83, 'xasdsadas', NULL, NULL, NULL, NULL, '2023-01-05 20:30:07', NULL),
(84, 'dasdasdsa', NULL, NULL, NULL, NULL, '2023-01-05 20:35:00', NULL),
(85, 'asadasdas', NULL, NULL, NULL, NULL, '2023-01-05 20:42:08', NULL),
(86, 'ffgjhhhi', NULL, NULL, NULL, NULL, '2023-01-05 20:42:52', NULL),
(87, 'danhtp', NULL, NULL, NULL, NULL, '2023-01-05 20:58:20', NULL),
(88, 'dddddsdf', NULL, NULL, NULL, NULL, '2023-01-05 21:20:29', NULL),
(89, 'dadasdadad', NULL, NULL, NULL, NULL, '2023-01-08 13:35:42', NULL),
(90, 'sasdadsasdasda', NULL, NULL, NULL, NULL, '2023-01-08 13:36:48', NULL),
(91, 'dsadasd', NULL, NULL, NULL, NULL, '2023-01-08 13:38:16', NULL),
(92, 'swdasdasdasd', NULL, NULL, NULL, NULL, '2023-01-08 13:43:05', NULL),
(93, 'eqweqweqwe', NULL, NULL, NULL, NULL, '2023-01-08 13:43:39', NULL),
(94, 'qweqweqweqwe', NULL, NULL, NULL, NULL, '2023-01-08 13:44:18', NULL),
(95, 'dasdsadasd', NULL, NULL, NULL, NULL, '2023-01-08 13:46:30', NULL),
(96, 'saasdaddde2', NULL, NULL, NULL, NULL, '2023-01-08 13:48:01', NULL),
(97, 'xsadadasd', NULL, NULL, NULL, NULL, '2023-01-08 13:50:15', NULL),
(98, 'dadadasdasda', NULL, NULL, NULL, NULL, '2023-01-08 13:50:49', NULL),
(99, 'sasasasas', NULL, NULL, NULL, NULL, '2023-01-08 13:51:38', NULL),
(101, 'dasd2312313', NULL, NULL, NULL, NULL, '2023-01-08 13:53:25', NULL),
(102, 'sasasdsadadd2', NULL, NULL, NULL, NULL, '2023-01-08 13:54:31', NULL),
(103, 'dasdasllfkd', NULL, NULL, NULL, NULL, '2023-01-08 13:56:16', NULL),
(104, 'dasdasdasdd4', NULL, NULL, NULL, NULL, '2023-01-08 13:56:58', NULL),
(105, 'phonhocaphe123', NULL, NULL, NULL, NULL, '2023-02-28 14:26:18', NULL);

-- --------------------------------------------------------

--
-- Table structure for table `customers`
--

CREATE TABLE `customers` (
  `id` int(11) NOT NULL,
  `name` varchar(55) CHARACTER SET latin1 NOT NULL,
  `phone_number` varchar(55) CHARACTER SET latin1 DEFAULT NULL,
  `address` varchar(255) CHARACTER SET latin1 DEFAULT NULL,
  `created_at` datetime DEFAULT CURRENT_TIMESTAMP,
  `updated_at` datetime DEFAULT NULL ON UPDATE CURRENT_TIMESTAMP,
  `company_id` int(11) DEFAULT NULL
) ENGINE=InnoDB DEFAULT CHARSET=utf8mb4 COLLATE=utf8mb4_unicode_ci;

--
-- Dumping data for table `customers`
--

INSERT INTO `customers` (`id`, `name`, `phone_number`, `address`, `created_at`, `updated_at`, `company_id`) VALUES
(1, 'cutomers_samsung', '0902192371', '139 le dinh duong', '2022-09-05 19:36:55', '2022-09-22 17:48:38', 1),
(2, 'cutomers_samsung', '0902192371', '139 le dinh duong', '2022-09-05 19:36:55', '2022-09-22 17:54:11', 1),
(3, 'cutomers_samsung', '0902192371', '139 le dinh duong', '2022-09-05 19:36:55', '2022-09-22 17:54:11', 1),
(4, 'cutomers_samsung', '0902192371', '139 le dinh duong', '2022-09-05 19:36:55', '2022-09-22 17:54:11', 1),
(5, 'cutomers_samsung', '0902192371', '139 le dinh duong', '2022-09-05 19:36:55', '2022-09-22 17:54:11', 1),
(6, 'cutomers_samsung', '0932932123', 'undefined', '2022-09-05 19:36:55', '2022-09-22 17:54:11', 1),
(9, 'cutomers_samsung', '0902192371', '139 le dinh duong', '2022-09-05 19:36:55', '2022-09-22 17:54:11', 1),
(10, 'cutomers_apple', '0902182131', '137 le dinh duong', '2022-09-06 22:54:37', '2022-09-22 17:54:01', 2),
(11, 'cutomers_apple', '0902182131', '137 le dinh duong', '2022-09-06 22:55:16', '2022-09-22 17:54:01', 2),
(12, 'cutomers_apple', '0902182131', '137 le dinh duong', '2022-09-06 22:56:01', '2022-09-22 17:54:01', 2),
(13, 'cutomers_apple', '0902182131', '137 le dinh duong', '2022-09-06 22:56:08', '2022-09-22 17:54:01', 2),
(14, 'cutomers_apple', '0902182131', '137 le dinh duong', '2022-09-06 22:56:27', '2022-09-22 17:54:01', 2),
(15, 'cutomers_apple', '0902182131', '137 le dinh duong', '2022-09-06 23:02:12', '2022-09-22 17:54:01', 2),
(16, 'cutomers_apple', '0902dasdasd182131', '137dasd le dinh duong', '2022-09-16 17:10:05', '2022-09-22 17:54:01', 2),
(17, 'cutomers_apple', '0902dasdasd182131', '137dasd le dinh duong', '2022-09-16 17:17:27', '2022-09-22 17:54:01', 2),
(18, 'cutomers_apple', '0902dasdasd182131', '137dasd le dinh duong', '2022-09-16 17:18:08', '2022-09-22 17:54:01', 2),
(19, 'cutomers_apple', '0902dasdasd182131', '137dasd le dinh duong', '2022-09-16 17:33:29', '2022-09-22 17:54:01', 2),
(20, 'cutomers_sony', '0902dasdasd182131', '137dasd le dinh duong', '2022-09-16 17:33:55', '2022-09-22 17:53:53', 3),
(21, 'cutomers_sony', '0902dasdasd182131', '137dasd le dinh duong', '2022-09-16 17:34:23', '2022-09-22 17:53:53', 3),
(22, 'cutomers_sony', '0902dasdasd182131', '137dasd le dinh duong', '2022-09-16 17:39:42', '2022-09-22 17:53:53', 3),
(23, 'cutomers_sony', '0902dasdasd182131', '137dasd le dinh duong', '2022-09-16 17:39:49', '2022-09-22 17:53:53', 3),
(24, 'cutomers_sony', '0902182131', '137 le dinh duong', '2022-09-16 18:07:18', '2022-09-22 17:53:53', 3),
(25, 'cutomers_sony', '0902182131', '137 le dinh duong', '2022-09-16 18:07:26', '2022-09-22 17:53:53', 3),
(26, 'cutomers_sony', '0902182131', '137 le dinhy89u89 duong', '2022-09-16 18:07:39', '2022-09-22 17:53:53', 3),
(27, 'cutomers_sony', '0902182131', '137 le dinh duong', '2022-09-17 19:59:16', '2022-09-22 17:53:53', 3),
(28, 'cutomers_sony', '0902182131', '137 le dinh duong', '2022-09-17 20:15:02', '2022-09-22 17:53:53', 3),
(29, 'cutomers_sony', '0902182131', '137 le dinh duong', '2022-09-17 20:15:04', '2022-09-22 17:53:53', 3),
(30, 'cutomers_lg', '0902182131', '137 le dinh duong', '2022-09-17 20:15:05', '2022-09-22 17:53:43', 4),
(31, 'cutomers_lg', '0902182131', '137 le dinh duong', '2022-09-17 20:15:06', '2022-09-22 17:53:43', 4),
(32, 'cutomers_lg', '0902182131', '137 le dinh duong', '2022-09-17 20:15:07', '2022-09-22 17:53:43', 4),
(33, 'cutomers_lg', '0902182131', '137 le dinh duong', '2022-09-17 20:15:08', '2022-09-22 17:53:43', 4),
(34, 'cutomers_lg', '0902182131', '137 le dinh duong', '2022-09-17 20:15:09', '2022-09-22 17:53:43', 4),
(35, 'cutomers_lg', '0902182131', '137 le dinh duong', '2022-09-17 20:15:10', '2022-09-22 17:53:43', 4),
(36, 'cutomers_lg', '0902182131', '137 le dinh duong', '2022-09-17 20:15:10', '2022-09-22 17:53:43', 4),
(37, 'cutomers_lg', '0902182131', '137 le dinh duong', '2022-09-17 20:15:11', '2022-09-22 17:53:43', 4),
(38, 'cutomers_lg', '0902182131', '137 le dinh duong', '2022-09-17 20:15:12', '2022-09-22 17:53:43', 4),
(39, 'cutomers_lg', '0902182131', '137 le dinh duong', '2022-09-17 20:15:12', '2022-09-22 17:53:43', 4),
(40, 'cutomers_huyndai', '0902182131', '137 le dinh duong', '2022-09-19 21:57:52', '2022-09-22 17:53:33', 5),
(41, 'cutomers_huyndai', '0902182131', '137 le dinh duong', '2022-09-19 21:57:53', '2022-09-22 17:53:33', 5),
(42, 'cutomers_huyndai', '0902182131', '137 le dinh duong', '2022-09-19 21:57:54', '2022-09-22 17:53:33', 5),
(43, 'cutomers_huyndai', '0902182131', '137 le dinh duong', '2022-09-19 21:57:56', '2022-09-22 17:53:33', 5),
(44, 'cutomers_huyndai', '0902182131', '137 le dinh duong', '2022-09-19 21:58:48', '2022-09-22 17:53:33', 5),
(45, 'cutomers_huyndai', '0902182131', '137 le dinh duong', '2022-09-19 22:00:45', '2022-09-22 17:53:33', 5),
(46, 'cutomers_huyndai', '0902182131', '137 le dinh duong', '2022-09-19 22:00:46', '2022-09-22 17:53:33', 5),
(47, 'cutomers_huyndai', '0902182131', '137 le dinh duong', '2022-09-19 22:00:47', '2022-09-22 17:53:33', 5),
(48, 'cutomers_huyndai', '0902182131', '137 le dinh duong', '2022-09-19 22:03:15', '2022-09-22 17:53:33', 5),
(49, 'cutomers_huyndai', '0902182131', '137 le dinh duong', '2022-09-19 22:03:17', '2022-09-22 17:53:33', 5),
(50, 'cutomers_motorota', '0902182131', '137 le dinh duong', '2022-09-19 22:03:28', '2022-09-22 17:53:19', 6),
(51, 'cutomers_motorota', '0902182131', '137 le dinh duong', '2022-09-19 22:03:51', '2022-09-22 17:53:19', 6),
(52, 'cutomers_motorota', '0902182131', '137 le dinh duong', '2022-09-19 22:21:27', '2022-09-22 17:53:19', 6),
(53, 'cutomers_motorota', '0902182131', '137 le dinh duong', '2022-09-19 22:22:52', '2022-09-22 17:53:19', 6),
(54, 'cutomers_motorota', '0902182131', '137 le dinh duong', '2022-09-19 22:23:37', '2022-09-22 17:53:19', 6),
(55, 'cutomers_motorota', '0902182131', '137 le dinh duong', '2022-09-20 20:22:03', '2022-09-22 17:53:19', 6),
(56, 'cutomers_motorota', '0902182131', '137 le dinh duong', '2022-09-20 20:23:55', '2022-09-22 17:53:19', 6),
(57, 'cutomers_motorota', '0902182131', '137 le dinh duong', '2022-09-20 20:24:35', '2022-09-22 17:53:19', 6),
(58, 'cutomers_motorota', '0902182131', '137 le dinh duong', '2022-09-20 20:25:38', '2022-09-22 17:53:19', 6),
(60, 'cutomers_samsung', '0902182131', '137 le dinh duong', '2022-09-20 20:31:52', '2022-09-22 17:54:11', 1),
(61, 'trong TU tien', '0902182131', '137 le dinh duong', '2022-11-30 16:45:01', NULL, 42),
(62, 'ax', 'axdaf', 'dcascsaf', '2022-11-30 19:56:45', NULL, 42),
(63, 'sxasd', 'dasd', 'dasda', '2022-11-30 19:59:03', NULL, 42),
(64, 'jhon', '89', '', '2022-11-30 20:19:34', NULL, 42),
(65, 'jhon', '', '', '2022-11-30 20:19:38', NULL, 42),
(66, 'jhon', '', '', '2022-11-30 20:19:40', NULL, 42),
(67, 'jhon', '', '', '2022-11-30 20:19:40', NULL, 42),
(68, 'jhon', '', '', '2022-11-30 20:19:40', NULL, 42),
(69, 'jhon', '', '', '2022-11-30 20:19:40', NULL, 42),
(70, 'jhon', '', '', '2022-11-30 20:19:40', NULL, 42),
(72, 'jhon', '', '', '2022-11-30 20:19:41', NULL, 42),
(73, 'jhon', '', '', '2022-11-30 20:19:41', NULL, 42),
(74, 'jhon', '', '', '2022-11-30 20:19:41', NULL, 42),
(75, 'jhon', '', '', '2022-11-30 20:19:41', NULL, 42),
(76, 'jhon', '', '', '2022-11-30 20:19:42', NULL, 42),
(77, 'jhon', '', '', '2022-11-30 20:19:42', NULL, 42),
(79, 'jhon', '', '', '2022-11-30 20:19:42', NULL, 42),
(84, 'hjb', '', '', '2022-11-30 23:51:41', NULL, 42),
(85, 'hjb', '', '', '2022-11-30 23:51:41', NULL, 42),
(86, 'hjb', '', '', '2022-11-30 23:51:43', NULL, 42),
(87, 'hjb', '', '', '2022-11-30 23:51:44', NULL, 42),
(88, 'hjb', '', '', '2022-11-30 23:51:45', NULL, 42),
(89, 'hjb', '', '', '2022-11-30 23:51:45', NULL, 42),
(90, 'hjb', '', '', '2022-11-30 23:51:46', NULL, 42),
(91, 'hjb', '', '', '2022-11-30 23:51:46', NULL, 42),
(92, 'hjb', '', '', '2022-11-30 23:51:46', NULL, 42),
(93, 'hjb', '', '', '2022-11-30 23:51:46', NULL, 42),
(150, '0', '', '', '2022-12-01 00:53:09', NULL, 42),
(151, '1', '', '', '2022-12-01 00:53:15', NULL, 42),
(152, '2', '', '', '2022-12-01 00:53:20', NULL, 42),
(153, '3', '', '', '2022-12-01 00:53:24', NULL, 42),
(154, '4', '', '', '2022-12-01 00:53:28', NULL, 42),
(155, '5', '', '', '2022-12-01 00:53:31', NULL, 42),
(156, '6', '', '', '2022-12-01 00:53:35', NULL, 42),
(157, '7', '', '', '2022-12-01 00:53:45', NULL, 42),
(158, '8', '', '', '2022-12-01 00:53:49', NULL, 42),
(159, '9', '', '', '2022-12-01 00:53:52', NULL, 42),
(160, '10', '', '', '2022-12-01 00:53:57', NULL, 42),
(166, '16', '', '', '2022-12-01 00:54:27', NULL, 42),
(167, '17', '', '', '2022-12-01 00:54:31', NULL, 42),
(168, '18', '', '', '2022-12-01 00:54:34', NULL, 42),
(169, '19', '', '', '2022-12-01 00:54:45', NULL, 42),
(170, '20', '', '', '2022-12-01 00:54:51', NULL, 42),
(172, 'sada', '', '', '2022-12-02 08:57:45', NULL, 42),
(173, 'sada', '', '', '2022-12-02 08:57:45', NULL, 42),
(174, 'sada', '', '', '2022-12-02 08:57:45', NULL, 42),
(175, 'sada', '', '', '2022-12-02 08:57:45', NULL, 42),
(197, 'dasdas', '', '', '2022-12-02 14:16:26', NULL, 42),
(198, 'dasdas', 'd', '', '2022-12-02 14:16:29', NULL, 42),
(199, 'dasdas', 'd', '', '2022-12-02 14:16:29', NULL, 42),
(200, 'dasdas', 'd', '', '2022-12-02 14:16:29', NULL, 42),
(201, 'dasdas', 'd', '', '2022-12-02 14:16:29', NULL, 42),
(202, 'dasdas', 'd', '', '2022-12-02 14:16:29', NULL, 42),
(203, 'dasdas', 'd', '', '2022-12-02 14:16:29', NULL, 42),
(204, 'dasdas', 'd', '', '2022-12-02 14:16:30', NULL, 42),
(205, 'dasdas', 'd', '', '2022-12-02 14:16:30', NULL, 42),
(206, 'dasdas', 'd', '', '2022-12-02 14:16:31', NULL, 42),
(207, 'dasdas', 'd', '', '2022-12-02 14:16:31', NULL, 42),
(208, 'dasdas', 'd', '', '2022-12-02 14:16:31', NULL, 42),
(209, 'dasdas', 'd', '', '2022-12-02 14:16:31', NULL, 42),
(210, 'dasdas', 'd', '', '2022-12-02 14:16:31', NULL, 42),
(211, 'dasdas', 'd', '', '2022-12-02 14:16:31', NULL, 42),
(212, 'dasdas', 'd', '', '2022-12-02 14:16:32', NULL, 42),
(213, 'dasdas', 'd', '', '2022-12-02 14:16:32', NULL, 42),
(214, 'dasdas', 'd', '', '2022-12-02 14:16:32', NULL, 42),
(215, 'dasdas', 'd', '', '2022-12-02 14:16:32', NULL, 42),
(216, 'dasdas', 'd', '', '2022-12-02 14:16:32', NULL, 42),
(217, 'dasdas', 'd', '', '2022-12-02 14:16:32', NULL, 42),
(219, 'dasdas', 'd', '', '2022-12-02 14:16:33', NULL, 42),
(220, 'dasdas', 'd', '', '2022-12-02 14:16:33', NULL, 42),
(221, 'dasdas', 'd', '', '2022-12-02 14:16:33', NULL, 42),
(222, 'dasdas', 'd', '', '2022-12-02 14:16:33', NULL, 42),
(225, 'xa', '', '', '2022-12-02 15:31:30', NULL, 42),
(226, 'xa', '', '', '2022-12-02 15:31:31', NULL, 42),
(227, 'xa', '', '', '2022-12-02 15:31:31', NULL, 42),
(228, 'xa', '', '', '2022-12-02 15:31:34', NULL, 42),
(231, 'xa', '', '', '2022-12-02 15:31:34', NULL, 42),
(232, 'xa', '', '', '2022-12-02 15:31:34', NULL, 42),
(233, 'jjioj', '', '', '2022-12-03 01:59:50', NULL, 42),
(234, 'jjioj', '', '', '2022-12-03 01:59:50', NULL, 42),
(235, 'jjioj', '', '', '2022-12-03 01:59:50', NULL, 42),
(236, 'jjioj', '', '', '2022-12-03 01:59:50', NULL, 42),
(237, 'jjioj', '', '', '2022-12-03 01:59:50', NULL, 42),
(238, 'jjioj', '', '', '2022-12-03 01:59:50', NULL, 42),
(239, 'jjioj', '', '', '2022-12-03 01:59:50', NULL, 42),
(240, 'jjioj', '', '', '2022-12-03 01:59:50', NULL, 42),
(241, 'jjioj', '', '', '2022-12-03 01:59:51', NULL, 42),
(243, 'jjioj', '', '', '2022-12-03 01:59:51', NULL, 42),
(246, 'jjioj', '', '', '2022-12-03 01:59:51', NULL, 42),
(247, 'jjioj', '', '', '2022-12-03 01:59:52', NULL, 42),
(248, 'jjioj', '', '', '2022-12-03 01:59:52', NULL, 42),
(249, 'jjioj', '', '', '2022-12-03 01:59:52', NULL, 42),
(250, 'jjioj', '', '', '2022-12-03 01:59:52', NULL, 42),
(251, 'njn', '', '', '2022-12-04 01:44:41', NULL, 42),
(252, 'njn', '', '', '2022-12-04 01:44:42', NULL, 42),
(253, 'njn', '', '', '2022-12-04 01:44:42', NULL, 42),
(254, 'njn', '', '', '2022-12-04 01:44:42', NULL, 42),
(255, 'njn', '', '', '2022-12-04 01:44:42', NULL, 42),
(256, 'njn', '', '', '2022-12-04 01:44:42', NULL, 42),
(257, 'njn', '', '', '2022-12-04 01:44:42', NULL, 42),
(258, 'njn', '', '', '2022-12-04 01:44:42', NULL, 42),
(259, 'njn', '', '', '2022-12-04 01:44:43', NULL, 42),
(260, 'njn', '', '', '2022-12-04 01:44:43', NULL, 42),
(261, 'njn', '', '', '2022-12-04 01:44:43', NULL, 42),
(262, 'njn', '', '', '2022-12-04 01:44:43', NULL, 42),
(263, 'njn', '', '', '2022-12-04 01:44:43', NULL, 42),
(264, 'njn', '', '', '2022-12-04 01:44:44', NULL, 42),
(265, 'njn', '', '', '2022-12-04 01:44:44', NULL, 42),
(266, 'njn', '', '', '2022-12-04 01:44:44', NULL, 42),
(267, 'njn', '', '', '2022-12-04 01:44:44', NULL, 42),
(268, 'njn', '', '', '2022-12-04 01:44:44', NULL, 42),
(269, 'dscsadsa', '', '', '2022-12-04 18:25:28', NULL, 42),
(270, 'dscsadsa', '', '', '2022-12-04 18:25:29', NULL, 42),
(271, 'dscsadsa', '', '', '2022-12-04 18:25:29', NULL, 42),
(272, 'dscsadsa', '', '', '2022-12-04 18:25:29', NULL, 42),
(273, 'dscsadsa', '', '', '2022-12-04 18:25:29', NULL, 42),
(274, 'dscsadsa', '', '', '2022-12-04 18:25:30', NULL, 42),
(275, 'dscsadsa', '', '', '2022-12-04 18:25:30', NULL, 42),
(276, 'dscsadsa', '', '', '2022-12-04 18:25:30', NULL, 42),
(277, 'dscsadsa', '', '', '2022-12-04 18:25:30', NULL, 42),
(278, 'dscsadsa', '', '', '2022-12-04 18:25:30', NULL, 42),
(279, 'dscsadsa', '', '', '2022-12-04 18:25:30', NULL, 42),
(280, 'dscsadsa', '', '', '2022-12-04 18:25:31', NULL, 42),
(281, 'dscsadsa', '', '', '2022-12-04 18:25:31', NULL, 42),
(282, 'dscsadsa', '', '', '2022-12-04 18:25:31', NULL, 42),
(283, 'dscsadsa', '', '', '2022-12-04 18:25:31', NULL, 42),
(284, 'dscsadsa', '', '', '2022-12-04 18:25:31', NULL, 42),
(285, 'dscsadsa', '', '', '2022-12-04 18:25:32', NULL, 42),
(286, 'hn', '', '', '2022-12-06 16:37:24', NULL, 42),
(287, 'hn', '', '', '2022-12-06 16:37:24', NULL, 42),
(288, 'hn', '', '', '2022-12-06 16:37:24', NULL, 42),
(289, 'hn', '', '', '2022-12-06 16:37:25', NULL, 42),
(290, 'xasdx', '', '', '2022-12-06 16:54:22', NULL, 42),
(291, 'xasdx', '', '', '2022-12-06 16:55:03', NULL, 42),
(292, 'asas', '', '', '2022-12-06 16:55:55', NULL, 42),
(293, 'asas', '', '', '2022-12-06 16:55:55', NULL, 42),
(294, 'asas', '', '', '2022-12-06 16:55:55', NULL, 42),
(295, 'asas', '', '', '2022-12-06 16:55:55', NULL, 42),
(296, 'nam anh', '', '', '2022-12-06 17:04:17', NULL, 42),
(297, 'xxzx', '', '', '2022-12-06 17:11:35', NULL, 42),
(298, 'dasdasd', '', '', '2022-12-06 17:11:54', NULL, 42),
(299, 'nam anh', '', '', '2022-12-06 17:18:14', NULL, 42),
(300, 'ghhgl', '', '', '2022-12-06 17:24:24', NULL, 42),
(301, 'dsdasdad', '', '', '2022-12-06 17:31:36', NULL, 42),
(302, 'dasdasd', '', '', '2022-12-06 17:36:36', NULL, 42),
(303, 'khach hang 1', '', '', '2022-12-06 17:38:46', NULL, 42),
(304, 'jhon dang', '', '', '2022-12-06 17:42:22', NULL, 42),
(305, 'jj.n/jjkn/nl/k', '', '', '2022-12-06 18:11:42', NULL, 42),
(306, 'nam anh', '', '', '2022-12-07 09:43:11', NULL, 42),
(307, 'nam anh', '', '', '2022-12-07 11:29:19', NULL, 42),
(308, 'nam anh', '', '', '2022-12-07 11:31:20', NULL, 42),
(309, 'nam anh', '', '', '2022-12-07 11:40:17', NULL, 42),
(310, 'nam', '', '', '2022-12-11 19:25:55', NULL, 42),
(311, 'nam an', '', '', '2022-12-11 19:27:15', NULL, 42),
(312, 'nam anh', '', '', '2022-12-11 19:27:41', NULL, 42),
(313, 'nam', '', '', '2022-12-11 19:33:05', NULL, 42),
(314, 'nam anh', '', '', '2022-12-11 19:34:26', NULL, 42),
(315, 'nam anh1', '', '', '2022-12-11 19:40:34', NULL, 42),
(316, 'nam anh1', '', '', '2022-12-11 19:40:51', NULL, 42),
(317, 'bjnb', '', '', '2022-12-11 19:42:39', NULL, 42),
(318, 'nam anh', '323123', '', '2022-12-12 10:41:29', NULL, 42),
(319, 'nam', '', '', '2022-12-30 18:14:00', NULL, 42),
(320, 'nam anh 43', '', '', '2023-01-01 18:09:24', NULL, 42),
(322, 'New Customer', '0977676767', '<script></script>', '2023-01-05 21:12:34', '2023-01-05 21:13:03', 87);

-- --------------------------------------------------------

--
-- Table structure for table `orders`
--

CREATE TABLE `orders` (
  `id` int(11) NOT NULL,
  `company_id` int(11) DEFAULT NULL,
  `customer_id` int(11) DEFAULT NULL,
  `total` float DEFAULT NULL,
  `status` enum('PENDING','PAID','CANCELLED') CHARACTER SET latin1 DEFAULT 'PENDING',
  `payment_id` varchar(45) COLLATE utf8mb4_unicode_ci DEFAULT NULL,
  `created_at` datetime DEFAULT CURRENT_TIMESTAMP,
  `updated_at` datetime DEFAULT NULL ON UPDATE CURRENT_TIMESTAMP
) ENGINE=InnoDB DEFAULT CHARSET=utf8mb4 COLLATE=utf8mb4_unicode_ci;

--
-- Dumping data for table `orders`
--

INSERT INTO `orders` (`id`, `company_id`, `customer_id`, `total`, `status`, `payment_id`, `created_at`, `updated_at`) VALUES
(50, 1, 1, 20000, 'PENDING', NULL, '2022-09-22 18:50:20', NULL),
(51, 1, 2, 20000, 'PENDING', NULL, '2022-09-22 18:51:08', NULL),
(52, 1, 5, 20000, 'PENDING', NULL, '2022-09-22 18:51:17', NULL),
(53, 1, 4, 20000, 'PENDING', NULL, '2022-09-22 18:51:22', NULL),
(54, 1, 20, 20000, 'PENDING', NULL, '2022-09-22 18:51:28', NULL),
(55, 2, 101, 500, 'PENDING', NULL, '2022-09-22 18:53:12', '2022-10-17 13:28:34'),
(56, 2, 6, 20000, 'PENDING', NULL, '2022-09-22 18:53:20', NULL),
(57, 2, 6, 20000, 'PENDING', NULL, '2022-09-22 18:53:26', NULL),
(58, 2, 6, 20000, 'PENDING', NULL, '2022-09-22 18:53:27', NULL),
(59, 2, 6, 20000, 'PENDING', NULL, '2022-09-22 18:53:27', NULL),
(60, 2, 10, 20000, 'PENDING', NULL, '2022-09-22 20:34:12', NULL),
(61, 2, 10, 20000, 'PENDING', NULL, '2022-09-22 20:37:48', NULL),
(62, 2, 10, 20000, 'PENDING', NULL, '2022-09-22 20:39:04', NULL),
(63, 2, 10, 20000, 'PENDING', NULL, '2022-09-22 20:40:32', NULL),
(64, 2, 10, 20000, 'PENDING', NULL, '2022-09-22 20:44:57', NULL),
(65, 2, 10, 20000, 'PENDING', NULL, '2022-09-22 20:45:16', NULL),
(66, 2, 10, 20000, 'PENDING', NULL, '2022-09-22 20:45:34', NULL),
(67, 2, 10, 20000, 'PENDING', NULL, '2022-09-22 20:48:19', NULL),
(68, 2, 10, 20000, 'PENDING', NULL, '2022-09-22 20:49:27', NULL),
(69, 2, 10, 20000, 'PENDING', NULL, '2022-09-22 20:49:45', NULL),
(70, 2, 10, 20000, 'PENDING', NULL, '2022-09-22 20:50:07', NULL),
(71, 2, 10, 20000, 'PENDING', NULL, '2022-09-22 20:50:08', NULL),
(72, 2, 10, 20000, 'PENDING', NULL, '2022-09-22 20:50:09', NULL),
(73, 2, 10, 20000, 'PENDING', NULL, '2022-09-22 20:50:10', NULL),
(74, 2, 10, 20000, 'PENDING', NULL, '2022-09-22 20:53:22', NULL),
(75, 2, 10, 20000, 'PENDING', NULL, '2022-09-22 20:54:03', NULL),
(76, 2, 10, 20000, 'PENDING', NULL, '2022-09-22 20:54:05', NULL),
(77, 2, 10, 20000, 'PENDING', NULL, '2022-09-22 20:54:06', NULL),
(78, 2, 10, 20000, 'PENDING', NULL, '2022-09-22 20:54:07', NULL),
(79, 2, 10, 20000, 'PENDING', NULL, '2022-09-22 20:54:59', NULL),
(80, 2, 10, 20000, 'PENDING', NULL, '2022-09-22 20:55:24', NULL),
(81, 2, 10, 20000, 'PENDING', NULL, '2022-09-22 20:55:43', NULL),
(82, 2, 10, 20000, 'PENDING', NULL, '2022-09-22 20:55:44', NULL),
(83, 2, 10, 20000, 'PENDING', NULL, '2022-09-22 20:55:46', NULL),
(84, 2, 10, 20000, 'PENDING', NULL, '2022-09-22 20:57:46', NULL),
(85, 2, 10, 20000, 'PENDING', NULL, '2022-09-22 20:57:47', NULL),
(86, 2, 10, 20000, 'PENDING', NULL, '2022-09-22 20:57:53', NULL),
(87, 2, 10, 20000, 'PENDING', NULL, '2022-09-22 20:57:54', NULL),
(88, 2, 10, 20000, 'PENDING', NULL, '2022-09-23 12:06:52', NULL),
(89, 2, 10, 20000, 'PENDING', NULL, '2022-09-23 12:08:37', NULL),
(90, 2, 10, 20000, 'PENDING', NULL, '2022-09-23 12:14:49', NULL),
(91, 2, 10, 20000, 'PENDING', NULL, '2022-09-23 12:16:05', NULL),
(92, 2, 10, 20000, 'PENDING', NULL, '2022-09-23 12:19:01', NULL),
(93, 2, 10, 20000, 'PENDING', NULL, '2022-09-23 12:20:05', NULL),
(94, 2, 10, 20000, 'PENDING', NULL, '2022-09-23 12:21:05', NULL),
(95, 2, 10, 20000, 'PENDING', NULL, '2022-09-23 12:21:50', NULL),
(96, 1, 3, 500, 'PENDING', NULL, '2022-10-13 10:42:57', NULL),
(98, 2, 4, 78, 'PENDING', NULL, '2022-10-13 11:04:30', NULL),
(99, 2, 0, 20000, 'PENDING', NULL, '2022-10-13 11:58:28', NULL),
(100, 2, 0, 20000, 'PENDING', NULL, '2022-10-13 11:59:05', NULL),
(101, 2, 10, 500000000, 'PENDING', NULL, '2022-10-13 12:00:52', '2022-10-13 12:51:18'),
(102, 33, 0, 36000000, 'PENDING', NULL, '2022-11-14 22:13:42', NULL),
(103, 33, 0, 36000000, 'PENDING', NULL, '2022-11-14 22:16:28', NULL),
(104, 33, 0, 36000000, 'PENDING', NULL, '2022-11-14 22:19:03', NULL),
(105, 33, NULL, 36000000, 'PENDING', NULL, '2022-11-14 22:23:10', NULL),
(106, 42, NULL, 36000000, 'PENDING', NULL, '2022-11-22 20:28:33', NULL),
(107, 42, NULL, 36000000, 'PENDING', NULL, '2022-11-23 21:12:25', NULL),
(108, 42, NULL, 800005, 'PENDING', NULL, '2022-11-23 21:42:32', NULL),
(109, 42, NULL, 800005, 'PENDING', NULL, '2022-11-23 21:43:47', NULL),
(110, 42, NULL, 800005, 'PENDING', NULL, '2022-11-23 21:46:58', NULL),
(111, 42, NULL, 600005, 'PENDING', NULL, '2022-11-23 21:54:38', NULL),
(112, 42, NULL, 500000, 'PENDING', NULL, '2022-11-23 21:54:51', NULL),
(113, 42, NULL, 600005, 'PENDING', NULL, '2022-11-23 21:57:00', NULL),
(114, 42, NULL, 22900000, 'PENDING', NULL, '2022-11-23 22:05:56', NULL),
(115, 42, NULL, 23600000, 'PENDING', NULL, '2022-11-24 14:56:53', NULL),
(116, 42, NULL, 23600000, 'PENDING', NULL, '2022-11-25 13:57:03', NULL),
(117, 42, NULL, 23300000, 'PENDING', NULL, '2022-11-25 13:57:25', NULL),
(118, 42, NULL, 30600000, 'PENDING', NULL, '2022-11-25 15:00:35', NULL),
(119, 42, NULL, 45600000, 'PENDING', NULL, '2022-11-25 15:04:10', NULL),
(120, 42, NULL, 23600000, 'PENDING', NULL, '2022-11-25 21:34:29', NULL),
(121, 42, NULL, 31600000, 'PENDING', NULL, '2022-11-26 11:36:38', NULL),
(122, 42, NULL, 105400000, 'PENDING', NULL, '2022-11-26 11:39:34', NULL),
(123, 42, NULL, 50400000, 'PENDING', NULL, '2022-11-26 11:49:42', NULL),
(125, 42, NULL, 46300000, 'PENDING', NULL, '2022-11-27 16:46:09', NULL),
(126, 42, NULL, 23300000, 'PENDING', NULL, '2022-11-27 16:46:18', NULL),
(127, 42, NULL, 35200000, 'PENDING', NULL, '2022-11-27 16:46:24', NULL),
(128, 42, NULL, 23900000, 'PENDING', NULL, '2022-11-27 16:46:32', NULL),
(129, 42, NULL, 13000000, 'PENDING', NULL, '2022-11-27 18:45:24', NULL),
(130, 42, NULL, 1000000, 'PENDING', NULL, '2022-11-27 18:45:28', NULL),
(131, 42, NULL, 300000, 'PENDING', NULL, '2022-11-27 18:45:33', NULL),
(132, 42, NULL, 23000000, 'PENDING', NULL, '2022-11-28 19:50:01', NULL),
(133, 42, NULL, 35300000, 'PENDING', NULL, '2022-11-28 19:50:15', NULL),
(134, 42, NULL, 300005, 'PENDING', NULL, '2022-11-28 19:50:20', NULL),
(135, 42, NULL, 300000, 'PENDING', NULL, '2022-11-28 19:50:24', NULL),
(136, 42, NULL, 300005, 'PENDING', NULL, '2022-11-28 19:50:28', NULL),
(137, 42, NULL, 600005, 'PENDING', NULL, '2022-11-28 19:50:34', NULL),
(138, 42, NULL, 600005, 'PENDING', NULL, '2022-11-28 19:50:41', NULL),
(139, 42, NULL, 600005, 'PENDING', NULL, '2022-11-28 19:50:47', NULL),
(140, 42, NULL, 300000, 'PENDING', NULL, '2022-11-28 19:50:51', NULL),
(141, 42, NULL, 22000000, 'PENDING', NULL, '2022-11-28 19:50:56', NULL),
(142, 42, NULL, 300000, 'PENDING', NULL, '2022-11-28 19:51:04', NULL),
(143, 42, NULL, 11000000, 'PENDING', NULL, '2022-11-28 19:51:10', NULL),
(144, 42, NULL, 8000000, 'PENDING', NULL, '2022-11-28 19:51:15', NULL),
(145, 42, NULL, 300005, 'PENDING', NULL, '2022-11-28 23:51:58', NULL),
(146, 42, NULL, 300000, 'PENDING', NULL, '2022-11-28 23:52:03', NULL),
(147, 42, NULL, 300000, 'PENDING', NULL, '2022-11-28 23:52:07', NULL),
(148, 42, NULL, 300000, 'PENDING', NULL, '2022-11-28 23:52:11', NULL),
(149, 42, NULL, 300000, 'PENDING', NULL, '2022-11-28 23:52:16', NULL),
(150, 42, NULL, 23000000, 'PENDING', NULL, '2022-11-30 12:31:31', NULL),
(151, 42, NULL, 300005, 'PENDING', NULL, '2022-11-30 12:31:37', NULL),
(152, 42, NULL, 23000000, 'PENDING', NULL, '2022-11-30 12:32:37', NULL),
(153, 42, NULL, 23300000, 'PENDING', NULL, '2022-11-30 22:41:26', NULL),
(154, 42, NULL, 23000000, 'PENDING', NULL, '2022-12-01 00:01:25', NULL),
(155, 42, NULL, 42000000, 'PENDING', NULL, '2022-12-01 01:58:43', NULL),
(156, 42, NULL, 1200020, 'PENDING', NULL, '2022-12-01 02:00:42', NULL),
(157, 42, NULL, 23000000, 'PENDING', NULL, '2022-12-02 15:00:05', NULL),
(158, 42, NULL, 23600000, 'PENDING', NULL, '2022-12-02 15:04:31', NULL),
(159, 42, NULL, 500000, 'PENDING', NULL, '2022-12-02 15:43:41', NULL),
(160, 42, NULL, 1900010, 'PENDING', NULL, '2022-12-02 15:43:49', NULL),
(161, 42, NULL, 40000000, 'PENDING', NULL, '2022-12-02 15:59:18', NULL),
(162, 42, NULL, 45000000, 'PENDING', NULL, '2022-12-02 16:08:49', NULL),
(163, 42, NULL, 14000000, 'PENDING', NULL, '2022-12-06 15:43:04', NULL),
(164, 42, NULL, 14000000, 'PENDING', NULL, '2022-12-06 15:43:09', NULL),
(165, 42, NULL, 19000000, 'PENDING', NULL, '2022-12-06 15:43:15', NULL),
(166, 42, NULL, 23000000, 'PENDING', NULL, '2022-12-06 16:01:17', NULL),
(167, 42, NULL, 36000000, 'PENDING', NULL, '2022-12-06 17:26:30', NULL),
(168, 42, NULL, 21000000, 'PENDING', NULL, '2022-12-06 17:35:48', NULL),
(169, 42, 302, 30000000, 'PENDING', NULL, '2022-12-06 17:36:41', NULL),
(170, 42, 303, 31000000, 'PENDING', NULL, '2022-12-06 17:38:52', NULL),
(171, 42, 304, 31000000, 'PENDING', NULL, '2022-12-06 17:42:26', NULL),
(172, 42, 305, 31000000, 'PENDING', NULL, '2022-12-06 18:12:02', NULL),
(173, 42, NULL, 29000000, 'PENDING', NULL, '2022-12-07 07:42:10', NULL),
(174, 42, 306, 12000000, 'PENDING', NULL, '2022-12-07 09:43:15', NULL),
(175, 42, 309, 24000000, 'PENDING', '2', '2022-12-07 11:40:23', NULL),
(176, 42, 309, 33000000, 'PENDING', '2', '2022-12-07 11:49:52', NULL),
(177, 42, NULL, 19000000, 'PENDING', '4', '2022-12-07 11:53:26', NULL),
(178, 42, NULL, 15500000, 'PENDING', '1', '2022-12-08 21:33:12', NULL),
(179, 42, NULL, 10500000, 'PENDING', '1', '2022-12-09 09:51:08', NULL),
(180, 42, NULL, 121000000, 'PENDING', '1', '2022-12-09 10:13:44', NULL),
(181, 42, NULL, 10000000, 'PENDING', '1', '2022-12-09 10:14:12', NULL),
(182, 42, NULL, 15000000, 'PENDING', '1', '2022-12-09 11:11:09', NULL),
(183, 42, NULL, 22000000, 'PENDING', '1', '2022-12-09 11:26:11', NULL),
(184, 42, NULL, 0, 'PENDING', '1', '2022-12-09 11:26:18', NULL),
(185, 42, NULL, 5000000, 'PENDING', '1', '2022-12-09 11:33:50', NULL),
(186, 42, NULL, 0, 'PENDING', '1', '2022-12-09 11:34:10', NULL),
(187, 42, NULL, 12000000, 'PENDING', '1', '2022-12-09 12:02:38', NULL),
(188, 42, NULL, 24000000, 'PENDING', '1', '2022-12-10 17:09:32', NULL),
(189, 42, NULL, 9000000, 'PENDING', '1', '2022-12-10 17:19:31', NULL),
(190, 42, NULL, 19000000, 'PENDING', '1', '2022-12-10 17:19:38', NULL),
(191, 42, NULL, 19000000, 'PENDING', '1', '2022-12-10 17:20:20', NULL),
(192, 42, NULL, 19000000, 'PENDING', '1', '2022-12-10 17:21:08', NULL),
(193, 42, NULL, 21000000, 'PENDING', '2', '2022-12-10 17:51:10', NULL),
(194, 42, NULL, 21000000, 'PENDING', '1', '2022-12-10 17:56:34', NULL),
(195, 42, NULL, 14000000, 'PENDING', '1', '2022-12-10 17:56:43', NULL),
(196, 42, NULL, 50000000, 'PENDING', '1', '2022-12-10 17:57:00', NULL),
(197, 42, NULL, 19000000, 'PENDING', '1', '2022-12-10 17:58:26', NULL),
(198, 42, NULL, 12000000, 'PENDING', '1', '2022-12-10 18:25:16', NULL),
(199, 42, NULL, 17000000, 'PENDING', '1', '2022-12-10 18:25:29', NULL),
(200, 42, NULL, 114100000, 'PENDING', '1', '2022-12-10 18:57:12', NULL),
(201, 42, NULL, 19000000, 'PENDING', '1', '2022-12-11 15:29:56', NULL),
(202, 42, NULL, 7000000, 'PAID', '1', '2022-12-11 15:33:25', NULL),
(203, 42, NULL, 9000000, '', '1', '2022-12-11 15:34:43', NULL),
(204, 42, NULL, 12000000, 'PAID', '1', '2022-12-11 15:39:59', NULL),
(205, 42, NULL, 21000000, 'CANCELLED', '1', '2022-12-11 15:40:12', NULL),
(206, 42, NULL, 12000000, 'PAID', '1', '2022-12-11 15:43:11', NULL),
(207, 42, NULL, 5000000, 'PAID', '1', '2022-12-11 15:44:07', NULL),
(208, 42, NULL, 5000000, 'PAID', '1', '2022-12-11 15:44:29', NULL),
(209, 42, NULL, 14000000, 'PAID', '1', '2022-12-11 15:44:54', NULL),
(210, 42, NULL, 25000000, 'PENDING', '1', '2022-12-11 15:57:40', NULL),
(211, 42, NULL, 9000000, 'PAID', '2', '2022-12-11 18:01:43', NULL),
(212, 42, NULL, 9000000, 'PENDING', '1', '2022-12-11 19:02:26', NULL),
(213, 42, 312, 7000000, 'PENDING', '1', '2022-12-11 19:34:14', NULL),
(214, 42, 314, 10000000, 'PAID', '2', '2022-12-11 19:34:33', NULL),
(215, 42, NULL, 5000000, 'PENDING', '1', '2022-12-11 19:35:43', NULL),
(216, 42, 316, 14000000, 'PENDING', '1', '2022-12-11 19:40:53', NULL),
(217, 42, NULL, 19000000, 'PENDING', '1', '2022-12-11 20:04:32', NULL),
(218, 42, 304, 47000000, 'PENDING', '1', '2022-12-11 21:20:41', NULL),
(219, 42, 318, 34800000, 'PENDING', '1', '2022-12-12 10:41:35', NULL),
(220, 42, NULL, 85000000, 'PENDING', '1', '2022-12-12 10:46:59', NULL),
(221, 42, NULL, 22000000, 'PENDING', '1', '2022-12-12 11:18:14', NULL),
(222, 42, NULL, 36000000, 'PENDING', '1', '2022-12-12 16:00:11', NULL),
(223, 42, NULL, 31000000, 'PENDING', '1', '2022-12-13 02:46:26', NULL),
(224, 42, NULL, 10000000, 'PENDING', '1', '2022-12-13 02:46:48', NULL),
(225, 42, NULL, 9000000, 'PENDING', '1', '2022-12-13 02:46:51', NULL),
(226, 42, NULL, 10000000, 'PENDING', '1', '2022-12-13 02:46:53', NULL),
(227, 42, NULL, 20000000, 'PENDING', '1', '2022-12-13 02:46:56', NULL),
(228, 42, NULL, 9000000, 'PENDING', '1', '2022-12-13 02:46:59', NULL),
(229, 42, NULL, 5000000, 'PENDING', '1', '2022-12-13 02:47:01', NULL),
(230, 42, NULL, 7000000, 'PENDING', '1', '2022-12-13 02:47:04', NULL),
(231, 42, NULL, 7000000, 'PENDING', '1', '2022-12-13 02:47:07', NULL),
(232, 42, NULL, 9000000, 'PENDING', '1', '2022-12-13 02:47:10', NULL),
(233, 42, NULL, 10000000, 'PENDING', '1', '2022-12-13 02:47:13', NULL),
(234, 42, NULL, 20000000, 'PENDING', '1', '2022-12-13 02:47:16', NULL),
(236, 42, 314, 35000000, 'PAID', '3', '2022-12-13 02:51:38', NULL),
(250, 42, NULL, 8000000, 'PENDING', '1', '2022-12-30 00:43:36', NULL),
(251, 42, NULL, 9000000, 'PENDING', '1', '2022-12-30 00:43:41', NULL),
(252, 42, NULL, 46600000, 'PENDING', '1', '2023-01-01 02:47:59', NULL),
(253, 42, NULL, 44600000, 'PENDING', '1', '2023-01-01 17:34:59', NULL),
(254, 42, NULL, 29000000, 'PENDING', '1', '2023-01-01 17:35:05', NULL),
(255, 42, NULL, 48800000, 'PENDING', '1', '2023-01-01 23:18:56', NULL),
(256, 42, NULL, 36000000, 'PENDING', '1', '2023-01-02 15:58:07', NULL),
(257, 42, NULL, 36000000, 'PENDING', '1', '2023-01-02 15:58:42', NULL),
(258, 42, NULL, 26000000, 'PENDING', '1', '2023-01-02 15:59:33', NULL),
(259, 42, NULL, 44000000, 'PENDING', '1', '2023-01-02 15:59:39', NULL),
(260, 42, NULL, 33300000, 'PENDING', '1', '2023-01-02 16:08:07', NULL),
(261, 42, NULL, 44200000, 'PENDING', '1', '2023-01-02 16:08:59', NULL),
(262, 42, NULL, 44000000, 'PENDING', '1', '2023-01-02 16:09:09', NULL),
(263, 105, NULL, 180000, 'PAID', '13', '2023-02-28 14:27:03', NULL);

-- --------------------------------------------------------

--
-- Table structure for table `order_items`
--

CREATE TABLE `order_items` (
  `id` int(11) NOT NULL,
  `order_id` int(11) DEFAULT NULL,
  `product_id` int(11) NOT NULL,
  `quantity` float DEFAULT NULL,
  `price` float DEFAULT NULL,
  `created_at` datetime DEFAULT CURRENT_TIMESTAMP,
  `updated_at` datetime DEFAULT NULL ON UPDATE CURRENT_TIMESTAMP
) ENGINE=InnoDB DEFAULT CHARSET=utf8mb4 COLLATE=utf8mb4_unicode_ci;

--
-- Dumping data for table `order_items`
--

INSERT INTO `order_items` (`id`, `order_id`, `product_id`, `quantity`, `price`, `created_at`, `updated_at`) VALUES
(81, 50, 97, 2, 10000, '2022-09-22 18:50:20', NULL),
(82, 50, 98, 7, 100000, '2022-09-22 18:50:20', NULL),
(83, 51, 99, 2, 10000, '2022-09-22 18:51:08', NULL),
(84, 51, 98, 7, 100000, '2022-09-22 18:51:08', NULL),
(85, 52, 99, 2, 10000, '2022-09-22 18:51:17', NULL),
(86, 52, 98, 7, 100000, '2022-09-22 18:51:17', NULL),
(87, 53, 99, 2, 10000, '2022-09-22 18:51:22', NULL),
(88, 53, 98, 7, 100000, '2022-09-22 18:51:22', NULL),
(89, 54, 99, 2, 10000, '2022-09-22 18:51:28', NULL),
(90, 54, 98, 7, 100000, '2022-09-22 18:51:28', NULL),
(91, 55, 106, 5, 10000, '2022-09-22 18:53:12', '2022-09-25 18:46:15'),
(92, 55, 105, 10, 900000, '2022-09-22 18:53:12', '2022-09-25 18:46:15'),
(93, 56, 106, 2, 10000, '2022-09-22 18:53:20', NULL),
(94, 56, 107, 7, 100000, '2022-09-22 18:53:20', NULL),
(95, 57, 106, 2, 10000, '2022-09-22 18:53:26', NULL),
(96, 57, 107, 7, 100000, '2022-09-22 18:53:26', NULL),
(97, 58, 106, 2, 10000, '2022-09-22 18:53:27', NULL),
(98, 58, 107, 7, 100000, '2022-09-22 18:53:27', NULL),
(99, 59, 106, 2, 10000, '2022-09-22 18:53:27', NULL),
(100, 59, 107, 7, 100000, '2022-09-22 18:53:27', NULL),
(101, 60, 106, 2, 10000, '2022-09-22 20:34:12', NULL),
(102, 60, 107, 7, 100000, '2022-09-22 20:34:12', NULL),
(103, 61, 106, 2, 10000, '2022-09-22 20:37:48', NULL),
(104, 61, 107, 7, 100000, '2022-09-22 20:37:48', NULL),
(105, 62, 106, 2, 10000, '2022-09-22 20:39:04', NULL),
(106, 62, 107, 7, 100000, '2022-09-22 20:39:04', NULL),
(107, 63, 106, 2, 10000, '2022-09-22 20:40:32', NULL),
(108, 63, 107, 7, 100000, '2022-09-22 20:40:32', NULL),
(109, 64, 106, 2, 10000, '2022-09-22 20:44:57', NULL),
(110, 64, 107, 7, 100000, '2022-09-22 20:44:57', NULL),
(111, 65, 106, 2, 10000, '2022-09-22 20:45:16', NULL),
(112, 65, 107, 7, 100000, '2022-09-22 20:45:16', NULL),
(113, 66, 106, 2, 10000, '2022-09-22 20:45:34', NULL),
(114, 66, 107, 7, 100000, '2022-09-22 20:45:34', NULL),
(115, 67, 106, 2, 10000, '2022-09-22 20:48:19', NULL),
(116, 67, 107, 7, 100000, '2022-09-22 20:48:19', NULL),
(117, 68, 106, 2, 10000, '2022-09-22 20:49:27', NULL),
(118, 68, 107, 7, 100000, '2022-09-22 20:49:27', NULL),
(119, 69, 106, 2, 10000, '2022-09-22 20:49:45', NULL),
(120, 69, 107, 7, 100000, '2022-09-22 20:49:45', NULL),
(121, 70, 106, 2, 10000, '2022-09-22 20:50:07', NULL),
(122, 70, 107, 7, 100000, '2022-09-22 20:50:07', NULL),
(123, 71, 106, 2, 10000, '2022-09-22 20:50:08', NULL),
(124, 71, 107, 7, 100000, '2022-09-22 20:50:08', NULL),
(125, 72, 106, 2, 10000, '2022-09-22 20:50:09', NULL),
(126, 72, 107, 7, 100000, '2022-09-22 20:50:09', NULL),
(127, 73, 106, 2, 10000, '2022-09-22 20:50:10', NULL),
(128, 73, 107, 7, 100000, '2022-09-22 20:50:10', NULL),
(129, 74, 106, 2, 10000, '2022-09-22 20:53:22', NULL),
(130, 74, 107, 7, 100000, '2022-09-22 20:53:22', NULL),
(131, 75, 106, 2, 10000, '2022-09-22 20:54:03', NULL),
(132, 75, 107, 7, 100000, '2022-09-22 20:54:03', NULL),
(133, 76, 106, 2, 10000, '2022-09-22 20:54:05', NULL),
(134, 76, 107, 7, 100000, '2022-09-22 20:54:05', NULL),
(135, 77, 106, 2, 10000, '2022-09-22 20:54:06', NULL),
(136, 77, 107, 7, 100000, '2022-09-22 20:54:06', NULL),
(137, 78, 106, 2, 10000, '2022-09-22 20:54:07', NULL),
(138, 78, 107, 7, 100000, '2022-09-22 20:54:07', NULL),
(139, 80, 106, 2, 10000, '2022-09-22 20:55:24', NULL),
(140, 80, 107, 7, 100000, '2022-09-22 20:55:24', NULL),
(141, 81, 106, 2, 10000, '2022-09-22 20:55:43', NULL),
(142, 81, 107, 7, 100000, '2022-09-22 20:55:43', NULL),
(143, 82, 106, 2, 10000, '2022-09-22 20:55:44', NULL),
(144, 82, 107, 7, 100000, '2022-09-22 20:55:44', NULL),
(145, 83, 106, 2, 10000, '2022-09-22 20:55:46', NULL),
(146, 83, 107, 7, 100000, '2022-09-22 20:55:46', NULL),
(147, 84, 106, 2, 10000, '2022-09-22 20:57:46', NULL),
(148, 84, 107, 7, 100000, '2022-09-22 20:57:46', NULL),
(149, 85, 106, 2, 10000, '2022-09-22 20:57:47', NULL),
(150, 85, 107, 7, 100000, '2022-09-22 20:57:47', NULL),
(151, 86, 0, 2, 10000, '2022-09-22 20:57:53', NULL),
(152, 86, 107, 7, 100000, '2022-09-22 20:57:53', NULL),
(153, 87, 0, 2, 10000, '2022-09-22 20:57:54', NULL),
(154, 87, 107, 7, 100000, '2022-09-22 20:57:54', NULL),
(155, 88, 0, 2, 10000, '2022-09-23 12:06:52', NULL),
(156, 88, 107, 7, 100000, '2022-09-23 12:06:52', NULL),
(157, 89, 7, 2, 10000, '2022-09-23 12:08:37', NULL),
(158, 89, 107, 7, 100000, '2022-09-23 12:08:37', NULL),
(159, 90, 7, 2, 10000, '2022-09-23 12:14:49', NULL),
(160, 90, 107, 7, 100000, '2022-09-23 12:14:49', NULL),
(161, 91, 7, 2, 10000, '2022-09-23 12:16:05', NULL),
(162, 91, 107, 7, 100000, '2022-09-23 12:16:05', NULL),
(163, 92, 7, 2, 10000, '2022-09-23 12:19:01', NULL),
(164, 92, 107, 7, 100000, '2022-09-23 12:19:01', NULL),
(165, 93, 7, 2, 10000, '2022-09-23 12:20:05', NULL),
(166, 93, 107, 7, 100000, '2022-09-23 12:20:05', NULL),
(167, 94, 7, 2, 10000, '2022-09-23 12:21:05', NULL),
(168, 94, 107, 7, 100000, '2022-09-23 12:21:05', NULL),
(169, 95, 7, 2, 10000, '2022-09-23 12:21:50', NULL),
(170, 95, 107, 7, 100000, '2022-09-23 12:21:50', NULL),
(171, 99, 100, 2, 10000, '2022-10-13 11:58:28', NULL),
(172, 99, 101, 7, 100000, '2022-10-13 11:58:28', NULL),
(173, 100, 100, 2, 10000, '2022-10-13 11:59:05', NULL),
(174, 100, 101, 7, 100000, '2022-10-13 11:59:05', NULL),
(175, 101, 100, 2, 10000, '2022-10-13 12:00:53', NULL),
(176, 101, 101, 7, 100000, '2022-10-13 12:00:53', NULL),
(177, 102, 148, 1, 14000000, '2022-11-14 22:13:42', NULL),
(178, 102, 149, 1, 22000000, '2022-11-14 22:13:42', NULL),
(179, 103, 148, 1, 14000000, '2022-11-14 22:16:28', NULL),
(180, 103, 149, 1, 22000000, '2022-11-14 22:16:28', NULL),
(181, 104, 148, 1, 14000000, '2022-11-14 22:19:03', NULL),
(182, 104, 149, 1, 22000000, '2022-11-14 22:19:03', NULL),
(183, 105, 148, 1, 14000000, '2022-11-14 22:23:10', NULL),
(184, 105, 149, 1, 22000000, '2022-11-14 22:23:10', NULL),
(185, 106, 148, 1, 14000000, '2022-11-22 20:28:33', NULL),
(186, 106, 149, 1, 22000000, '2022-11-22 20:28:33', NULL),
(187, 107, 148, 1, 14000000, '2022-11-23 21:12:25', NULL),
(188, 107, 149, 1, 22000000, '2022-11-23 21:12:25', NULL),
(189, 108, 157, 1, 300000, '2022-11-23 21:42:32', NULL),
(190, 108, 158, 1, 300005, '2022-11-23 21:42:32', NULL),
(191, 108, 156, 1, 200000, '2022-11-23 21:42:32', NULL),
(192, 109, 157, 1, 300000, '2022-11-23 21:43:47', NULL),
(193, 109, 158, 1, 300005, '2022-11-23 21:43:47', NULL),
(194, 109, 156, 1, 200000, '2022-11-23 21:43:47', NULL),
(195, 110, 157, 1, 300000, '2022-11-23 21:46:58', NULL),
(196, 110, 158, 1, 300005, '2022-11-23 21:46:58', NULL),
(197, 110, 156, 1, 200000, '2022-11-23 21:46:58', NULL),
(198, 111, 157, 1, 300000, '2022-11-23 21:54:38', NULL),
(199, 111, 158, 1, 300005, '2022-11-23 21:54:38', NULL),
(200, 112, 157, 1, 300000, '2022-11-23 21:54:51', NULL),
(201, 112, 156, 1, 200000, '2022-11-23 21:54:51', NULL),
(202, 113, 157, 1, 300000, '2022-11-23 21:57:00', NULL),
(203, 113, 158, 1, 300005, '2022-11-23 21:57:00', NULL),
(204, 114, 157, 1, 300000, '2022-11-23 22:05:56', NULL),
(205, 114, 154, 1, 22000000, '2022-11-23 22:05:56', NULL),
(206, 114, 158, 2, 300005, '2022-11-23 22:05:56', NULL),
(207, 115, 158, 1, 300005, '2022-11-24 14:56:53', NULL),
(208, 115, 157, 1, 300000, '2022-11-24 14:56:53', NULL),
(209, 115, 154, 1, 22000000, '2022-11-24 14:56:53', NULL),
(210, 115, 155, 1, 1000000, '2022-11-24 14:56:53', NULL),
(211, 116, 154, 1, 22000000, '2022-11-25 13:57:03', NULL),
(212, 116, 155, 1, 1000000, '2022-11-25 13:57:03', NULL),
(213, 116, 158, 1, 300005, '2022-11-25 13:57:03', NULL),
(214, 116, 157, 1, 300000, '2022-11-25 13:57:03', NULL),
(215, 117, 154, 1, 22000000, '2022-11-25 13:57:25', NULL),
(216, 117, 155, 1, 1000000, '2022-11-25 13:57:25', NULL),
(217, 117, 158, 1, 300005, '2022-11-25 13:57:25', NULL),
(218, 118, 157, 1, 300000, '2022-11-25 15:00:35', NULL),
(219, 118, 158, 1, 300005, '2022-11-25 15:00:35', NULL),
(220, 118, 161, 1, 8000000, '2022-11-25 15:00:35', NULL),
(221, 118, 154, 1, 22000000, '2022-11-25 15:00:35', NULL),
(222, 119, 154, 2, 22000000, '2022-11-25 15:04:10', NULL),
(223, 119, 155, 1, 1000000, '2022-11-25 15:04:10', NULL),
(224, 119, 158, 1, 300005, '2022-11-25 15:04:10', NULL),
(225, 119, 157, 1, 300000, '2022-11-25 15:04:10', NULL),
(226, 120, 155, 1, 1000000, '2022-11-25 21:34:29', NULL),
(227, 120, 154, 1, 22000000, '2022-11-25 21:34:29', NULL),
(228, 120, 157, 1, 300000, '2022-11-25 21:34:29', NULL),
(229, 120, 158, 1, 300005, '2022-11-25 21:34:29', NULL),
(230, 121, 154, 1, 22000000, '2022-11-26 11:36:38', NULL),
(231, 121, 155, 1, 1000000, '2022-11-26 11:36:38', NULL),
(232, 121, 157, 1, 300000, '2022-11-26 11:36:38', NULL),
(233, 121, 158, 1, 300005, '2022-11-26 11:36:38', NULL),
(234, 121, 161, 1, 8000000, '2022-11-26 11:36:38', NULL),
(235, 122, 154, 4, 22000000, '2022-11-26 11:39:34', NULL),
(236, 122, 155, 2, 1000000, '2022-11-26 11:39:34', NULL),
(237, 122, 158, 8, 300005, '2022-11-26 11:39:34', NULL),
(238, 122, 153, 1, 13000000, '2022-11-26 11:39:34', NULL),
(239, 123, 154, 1, 22000000, '2022-11-26 11:49:42', NULL),
(240, 123, 155, 1, 1000000, '2022-11-26 11:49:42', NULL),
(241, 123, 158, 1, 300005, '2022-11-26 11:49:42', NULL),
(242, 123, 157, 1, 300000, '2022-11-26 11:49:42', NULL),
(243, 123, 153, 2, 13000000, '2022-11-26 11:49:42', NULL),
(244, 123, 156, 4, 200000, '2022-11-26 11:49:42', NULL),
(245, 125, 154, 2, 22000000, '2022-11-27 16:46:09', NULL),
(246, 125, 155, 2, 1000000, '2022-11-27 16:46:09', NULL),
(247, 125, 157, 1, 300000, '2022-11-27 16:46:09', NULL),
(248, 126, 157, 1, 300000, '2022-11-27 16:46:18', NULL),
(249, 126, 154, 1, 22000000, '2022-11-27 16:46:18', NULL),
(250, 126, 155, 1, 1000000, '2022-11-27 16:46:18', NULL),
(251, 127, 156, 1, 200000, '2022-11-27 16:46:24', NULL),
(252, 127, 153, 1, 13000000, '2022-11-27 16:46:24', NULL),
(253, 127, 154, 1, 22000000, '2022-11-27 16:46:24', NULL),
(254, 128, 157, 3, 300000, '2022-11-27 16:46:32', NULL),
(255, 128, 154, 1, 22000000, '2022-11-27 16:46:32', NULL),
(256, 128, 155, 1, 1000000, '2022-11-27 16:46:32', NULL),
(257, 129, 153, 1, 13000000, '2022-11-27 18:45:24', NULL),
(258, 130, 155, 1, 1000000, '2022-11-27 18:45:28', NULL),
(259, 131, 157, 1, 300000, '2022-11-27 18:45:33', NULL),
(260, 132, 154, 1, 22000000, '2022-11-28 19:50:01', NULL),
(261, 132, 155, 1, 1000000, '2022-11-28 19:50:01', NULL),
(262, 133, 153, 1, 13000000, '2022-11-28 19:50:15', NULL),
(263, 133, 154, 1, 22000000, '2022-11-28 19:50:15', NULL),
(264, 133, 157, 1, 300000, '2022-11-28 19:50:15', NULL),
(265, 134, 158, 1, 300005, '2022-11-28 19:50:20', NULL),
(266, 135, 157, 1, 300000, '2022-11-28 19:50:24', NULL),
(267, 136, 158, 1, 300005, '2022-11-28 19:50:28', NULL),
(268, 137, 157, 1, 300000, '2022-11-28 19:50:34', NULL),
(269, 137, 158, 1, 300005, '2022-11-28 19:50:34', NULL),
(270, 138, 157, 1, 300000, '2022-11-28 19:50:41', NULL),
(271, 138, 158, 1, 300005, '2022-11-28 19:50:41', NULL),
(272, 139, 157, 1, 300000, '2022-11-28 19:50:47', NULL),
(273, 139, 158, 1, 300005, '2022-11-28 19:50:47', NULL),
(274, 140, 157, 1, 300000, '2022-11-28 19:50:51', NULL),
(275, 141, 154, 1, 22000000, '2022-11-28 19:50:56', NULL),
(276, 142, 157, 1, 300000, '2022-11-28 19:51:04', NULL),
(277, 143, 160, 1, 11000000, '2022-11-28 19:51:10', NULL),
(278, 144, 161, 1, 8000000, '2022-11-28 19:51:15', NULL),
(279, 145, 158, 1, 300005, '2022-11-28 23:51:59', NULL),
(280, 146, 157, 1, 300000, '2022-11-28 23:52:03', NULL),
(281, 147, 157, 1, 300000, '2022-11-28 23:52:07', NULL),
(282, 148, 157, 1, 300000, '2022-11-28 23:52:11', NULL),
(283, 149, 157, 1, 300000, '2022-11-28 23:52:16', NULL),
(284, 150, 154, 1, 22000000, '2022-11-30 12:31:31', NULL),
(285, 150, 155, 1, 1000000, '2022-11-30 12:31:31', NULL),
(286, 151, 158, 1, 300005, '2022-11-30 12:31:37', NULL),
(287, 152, 154, 1, 22000000, '2022-11-30 12:32:37', NULL),
(288, 152, 155, 1, 1000000, '2022-11-30 12:32:37', NULL),
(289, 153, 158, 1, 300005, '2022-11-30 22:41:26', NULL),
(290, 153, 155, 1, 1000000, '2022-11-30 22:41:26', NULL),
(291, 153, 154, 1, 22000000, '2022-11-30 22:41:26', NULL),
(292, 154, 154, 1, 22000000, '2022-12-01 00:01:25', NULL),
(293, 154, 155, 1, 1000000, '2022-12-01 00:01:25', NULL),
(294, 155, 154, 1, 22000000, '2022-12-01 01:58:43', NULL),
(295, 155, 155, 1, 1000000, '2022-12-01 01:58:43', NULL),
(296, 155, 161, 1, 8000000, '2022-12-01 01:58:43', NULL),
(297, 155, 164, 1, 11000000, '2022-12-01 01:58:43', NULL),
(298, 156, 157, 1, 300000, '2022-12-01 02:00:42', NULL),
(299, 156, 158, 3, 300005, '2022-12-01 02:00:42', NULL),
(300, 157, 154, 1, 22000000, '2022-12-02 15:00:05', NULL),
(301, 157, 155, 1, 1000000, '2022-12-02 15:00:05', NULL),
(302, 158, 155, 1, 1000000, '2022-12-02 15:04:31', NULL),
(303, 158, 154, 1, 22000000, '2022-12-02 15:04:31', NULL),
(304, 158, 157, 1, 300000, '2022-12-02 15:04:31', NULL),
(305, 158, 158, 1, 300005, '2022-12-02 15:04:31', NULL),
(306, 159, 156, 1, 200000, '2022-12-02 15:43:41', NULL),
(307, 159, 157, 1, 300000, '2022-12-02 15:43:41', NULL),
(308, 160, 157, 1, 300000, '2022-12-02 15:43:49', NULL),
(309, 160, 158, 2, 300005, '2022-12-02 15:43:49', NULL),
(310, 160, 155, 1, 1000000, '2022-12-02 15:43:49', NULL),
(311, 161, 164, 1, 11000000, '2022-12-02 15:59:18', NULL),
(312, 161, 163, 1, 10000000, '2022-12-02 15:59:18', NULL),
(313, 161, 161, 1, 8000000, '2022-12-02 15:59:18', NULL),
(314, 161, 160, 1, 11000000, '2022-12-02 15:59:18', NULL),
(315, 162, 154, 2, 22000000, '2022-12-02 16:08:49', NULL),
(316, 162, 155, 1, 1000000, '2022-12-02 16:08:49', NULL),
(317, 163, 162, 1, 9000000, '2022-12-06 15:43:04', NULL),
(318, 163, 166, 1, 5000000, '2022-12-06 15:43:04', NULL),
(319, 164, 162, 1, 9000000, '2022-12-06 15:43:09', NULL),
(320, 164, 166, 1, 5000000, '2022-12-06 15:43:09', NULL),
(321, 165, 163, 1, 10000000, '2022-12-06 15:43:15', NULL),
(322, 165, 162, 1, 9000000, '2022-12-06 15:43:15', NULL),
(323, 166, 162, 2, 9000000, '2022-12-06 16:01:17', NULL),
(324, 166, 166, 1, 5000000, '2022-12-06 16:01:17', NULL),
(325, 167, 166, 2, 5000000, '2022-12-06 17:26:30', NULL),
(326, 167, 167, 1, 7000000, '2022-12-06 17:26:30', NULL),
(327, 167, 163, 1, 10000000, '2022-12-06 17:26:30', NULL),
(328, 167, 162, 1, 9000000, '2022-12-06 17:26:30', NULL),
(329, 168, 166, 1, 5000000, '2022-12-06 17:35:48', NULL),
(330, 168, 167, 1, 7000000, '2022-12-06 17:35:48', NULL),
(331, 168, 162, 1, 9000000, '2022-12-06 17:35:48', NULL),
(332, 169, 162, 1, 9000000, '2022-12-06 17:36:41', NULL),
(333, 169, 159, 1, 10000000, '2022-12-06 17:36:41', NULL),
(334, 169, 160, 1, 11000000, '2022-12-06 17:36:41', NULL),
(335, 170, 166, 1, 5000000, '2022-12-06 17:38:52', NULL),
(336, 170, 167, 1, 7000000, '2022-12-06 17:38:52', NULL),
(337, 170, 163, 1, 10000000, '2022-12-06 17:38:52', NULL),
(338, 170, 162, 1, 9000000, '2022-12-06 17:38:52', NULL),
(339, 171, 166, 1, 5000000, '2022-12-06 17:42:26', NULL),
(340, 171, 167, 1, 7000000, '2022-12-06 17:42:26', NULL),
(341, 171, 163, 1, 10000000, '2022-12-06 17:42:26', NULL),
(342, 171, 162, 1, 9000000, '2022-12-06 17:42:26', NULL),
(343, 172, 166, 1, 5000000, '2022-12-06 18:12:02', NULL),
(344, 172, 162, 1, 9000000, '2022-12-06 18:12:02', NULL),
(345, 172, 163, 1, 10000000, '2022-12-06 18:12:02', NULL),
(346, 172, 167, 1, 7000000, '2022-12-06 18:12:02', NULL),
(347, 173, 168, 2, 10000000, '2022-12-07 07:42:10', NULL),
(348, 173, 162, 1, 9000000, '2022-12-07 07:42:10', NULL),
(349, 174, 167, 1, 7000000, '2022-12-07 09:43:15', NULL),
(350, 174, 166, 1, 5000000, '2022-12-07 09:43:15', NULL),
(351, 175, 162, 1, 9000000, '2022-12-07 11:40:23', NULL),
(352, 175, 166, 1, 5000000, '2022-12-07 11:40:23', NULL),
(353, 175, 163, 1, 10000000, '2022-12-07 11:40:23', NULL),
(354, 176, 166, 1, 5000000, '2022-12-07 11:49:52', NULL),
(355, 176, 162, 2, 9000000, '2022-12-07 11:49:52', NULL),
(356, 176, 163, 1, 10000000, '2022-12-07 11:49:52', NULL),
(357, 177, 162, 1, 9000000, '2022-12-07 11:53:26', NULL),
(358, 177, 163, 1, 10000000, '2022-12-07 11:53:26', NULL),
(359, 178, 156, 1, 200000, '2022-12-08 21:33:12', NULL),
(360, 178, 157, 1, 300000, '2022-12-08 21:33:12', NULL),
(361, 178, 166, 3, 5000000, '2022-12-08 21:33:12', NULL),
(362, 179, 157, 1, 300000, '2022-12-09 09:51:08', NULL),
(363, 179, 159, 1, 10000000, '2022-12-09 09:51:08', NULL),
(364, 179, 156, 1, 200000, '2022-12-09 09:51:08', NULL),
(365, 180, 160, 11, 11000000, '2022-12-09 10:13:44', NULL),
(366, 181, 159, 1, 10000000, '2022-12-09 10:14:12', NULL),
(367, 182, 163, 1, 10000000, '2022-12-09 11:11:09', NULL),
(368, 182, 166, 1, 5000000, '2022-12-09 11:11:09', NULL),
(369, 183, 163, 1, 10000000, '2022-12-09 11:26:11', NULL),
(370, 183, 167, 1, 7000000, '2022-12-09 11:26:11', NULL),
(371, 183, 166, 1, 5000000, '2022-12-09 11:26:11', NULL),
(372, 185, 166, 1, 5000000, '2022-12-09 11:33:50', NULL),
(373, 187, 167, 1, 7000000, '2022-12-09 12:02:38', NULL),
(374, 187, 166, 1, 5000000, '2022-12-09 12:02:38', NULL),
(375, 188, 162, 1, 9000000, '2022-12-10 17:09:32', NULL),
(376, 188, 163, 1, 10000000, '2022-12-10 17:09:32', NULL),
(377, 188, 166, 1, 5000000, '2022-12-10 17:09:32', NULL),
(378, 189, 162, 1, 9000000, '2022-12-10 17:19:31', NULL),
(379, 190, 162, 1, 9000000, '2022-12-10 17:19:38', NULL),
(380, 190, 163, 1, 10000000, '2022-12-10 17:19:38', NULL),
(381, 191, 163, 1, 10000000, '2022-12-10 17:20:20', NULL),
(382, 191, 162, 1, 9000000, '2022-12-10 17:20:20', NULL),
(383, 192, 163, 1, 10000000, '2022-12-10 17:21:08', NULL),
(384, 192, 162, 1, 9000000, '2022-12-10 17:21:08', NULL),
(385, 193, 166, 1, 5000000, '2022-12-10 17:51:11', NULL),
(386, 193, 162, 1, 9000000, '2022-12-10 17:51:11', NULL),
(387, 193, 167, 1, 7000000, '2022-12-10 17:51:11', NULL),
(388, 194, 167, 1, 7000000, '2022-12-10 17:56:34', NULL),
(389, 194, 166, 1, 5000000, '2022-12-10 17:56:34', NULL),
(390, 194, 162, 1, 9000000, '2022-12-10 17:56:34', NULL),
(391, 195, 162, 1, 9000000, '2022-12-10 17:56:43', NULL),
(392, 195, 166, 1, 5000000, '2022-12-10 17:56:43', NULL),
(393, 196, 166, 1, 5000000, '2022-12-10 17:57:00', NULL),
(394, 196, 162, 2, 9000000, '2022-12-10 17:57:00', NULL),
(395, 196, 163, 2, 10000000, '2022-12-10 17:57:00', NULL),
(396, 196, 167, 1, 7000000, '2022-12-10 17:57:00', NULL),
(397, 197, 162, 1, 9000000, '2022-12-10 17:58:26', NULL),
(398, 197, 163, 1, 10000000, '2022-12-10 17:58:26', NULL),
(399, 198, 167, 1, 7000000, '2022-12-10 18:25:16', NULL),
(400, 198, 166, 1, 5000000, '2022-12-10 18:25:16', NULL),
(401, 199, 167, 1, 7000000, '2022-12-10 18:25:29', NULL),
(402, 199, 159, 1, 10000000, '2022-12-10 18:25:29', NULL),
(403, 200, 166, 18.5, 5000000, '2022-12-10 18:57:12', NULL),
(404, 200, 167, 1.8, 7000000, '2022-12-10 18:57:12', NULL),
(405, 200, 162, 1, 9000000, '2022-12-10 18:57:12', NULL),
(406, 201, 162, 1, 9000000, '2022-12-11 15:29:56', NULL),
(407, 201, 159, 1, 10000000, '2022-12-11 15:29:56', NULL),
(408, 202, 167, 1, 7000000, '2022-12-11 15:33:25', NULL),
(409, 203, 162, 1, 9000000, '2022-12-11 15:34:43', NULL),
(410, 204, 167, 1, 7000000, '2022-12-11 15:39:59', NULL),
(411, 204, 166, 1, 5000000, '2022-12-11 15:39:59', NULL),
(412, 205, 167, 1, 7000000, '2022-12-11 15:40:12', NULL),
(413, 205, 166, 1, 5000000, '2022-12-11 15:40:12', NULL),
(414, 205, 162, 1, 9000000, '2022-12-11 15:40:12', NULL),
(415, 206, 167, 1, 7000000, '2022-12-11 15:43:11', NULL),
(416, 206, 166, 1, 5000000, '2022-12-11 15:43:11', NULL),
(417, 207, 166, 1, 5000000, '2022-12-11 15:44:07', NULL),
(418, 208, 166, 1, 5000000, '2022-12-11 15:44:29', NULL),
(419, 209, 166, 1, 5000000, '2022-12-11 15:44:54', NULL),
(420, 209, 162, 1, 9000000, '2022-12-11 15:44:54', NULL),
(421, 210, 162, 2, 9000000, '2022-12-11 15:57:40', NULL),
(422, 210, 167, 1, 7000000, '2022-12-11 15:57:40', NULL),
(423, 211, 162, 1, 9000000, '2022-12-11 18:01:43', NULL),
(424, 212, 162, 1, 9000000, '2022-12-11 19:02:26', NULL),
(425, 213, 167, 1, 7000000, '2022-12-11 19:34:14', NULL),
(426, 214, 168, 1, 10000000, '2022-12-11 19:34:33', NULL),
(427, 215, 166, 1, 5000000, '2022-12-11 19:35:43', NULL),
(428, 216, 166, 1, 5000000, '2022-12-11 19:40:53', NULL),
(429, 216, 162, 1, 9000000, '2022-12-11 19:40:53', NULL),
(430, 217, 166, 2, 5000000, '2022-12-11 20:04:32', NULL),
(431, 217, 162, 1, 9000000, '2022-12-11 20:04:32', NULL),
(432, 218, 167, 2, 7000000, '2022-12-11 21:20:41', NULL),
(433, 218, 166, 3, 5000000, '2022-12-11 21:20:41', NULL),
(434, 218, 162, 2, 9000000, '2022-12-11 21:20:41', NULL),
(435, 219, 166, 5, 5000000, '2022-12-12 10:41:35', NULL),
(436, 219, 167, 1.4, 7000000, '2022-12-12 10:41:35', NULL),
(437, 220, 165, 2, 20000000, '2022-12-12 10:46:59', NULL),
(438, 220, 160, 1, 11000000, '2022-12-12 10:46:59', NULL),
(439, 220, 161, 3, 8000000, '2022-12-12 10:46:59', NULL),
(440, 220, 166, 2, 5000000, '2022-12-12 10:46:59', NULL),
(441, 221, 166, 1, 5000000, '2022-12-12 11:18:14', NULL),
(442, 221, 167, 1, 7000000, '2022-12-12 11:18:14', NULL),
(443, 221, 163, 1, 10000000, '2022-12-12 11:18:14', NULL),
(444, 222, 166, 2, 5000000, '2022-12-12 16:00:11', NULL),
(445, 222, 162, 1, 9000000, '2022-12-12 16:00:11', NULL),
(446, 222, 163, 1, 10000000, '2022-12-12 16:00:11', NULL),
(447, 222, 167, 1, 7000000, '2022-12-12 16:00:11', NULL),
(448, 223, 167, 1, 7000000, '2022-12-13 02:46:26', NULL),
(449, 223, 166, 1, 5000000, '2022-12-13 02:46:26', NULL),
(450, 223, 162, 1, 9000000, '2022-12-13 02:46:26', NULL),
(451, 223, 163, 1, 10000000, '2022-12-13 02:46:26', NULL),
(452, 224, 168, 1, 10000000, '2022-12-13 02:46:48', NULL),
(453, 225, 162, 1, 9000000, '2022-12-13 02:46:51', NULL),
(454, 226, 163, 1, 10000000, '2022-12-13 02:46:53', NULL),
(455, 227, 165, 1, 20000000, '2022-12-13 02:46:56', NULL),
(456, 228, 162, 1, 9000000, '2022-12-13 02:46:59', NULL),
(457, 229, 166, 1, 5000000, '2022-12-13 02:47:01', NULL),
(458, 230, 167, 1, 7000000, '2022-12-13 02:47:04', NULL),
(459, 231, 167, 1, 7000000, '2022-12-13 02:47:07', NULL),
(460, 232, 162, 1, 9000000, '2022-12-13 02:47:10', NULL),
(461, 233, 163, 1, 10000000, '2022-12-13 02:47:13', NULL),
(462, 234, 165, 1, 20000000, '2022-12-13 02:47:16', NULL),
(466, 236, 167, 3, 7000000, '2022-12-13 02:51:38', NULL),
(467, 236, 166, 1, 5000000, '2022-12-13 02:51:38', NULL),
(468, 236, 162, 1, 9000000, '2022-12-13 02:51:38', NULL),
(496, 250, 161, 1, 8000000, '2022-12-30 00:43:36', NULL),
(497, 251, 162, 1, 9000000, '2022-12-30 00:43:41', NULL),
(498, 252, 168, 1, 10000000, '2023-01-01 02:47:59', NULL),
(499, 252, 167, 1, 7000000, '2023-01-01 02:47:59', NULL),
(500, 252, 162, 1, 9000000, '2023-01-01 02:47:59', NULL),
(501, 252, 163, 1, 10000000, '2023-01-01 02:47:59', NULL),
(502, 252, 159, 1, 10000000, '2023-01-01 02:47:59', NULL),
(503, 252, 158, 1, 300005, '2023-01-01 02:47:59', NULL),
(504, 252, 157, 1, 300000, '2023-01-01 02:47:59', NULL),
(505, 253, 166, 1, 5000000, '2023-01-01 17:34:59', NULL),
(506, 253, 165, 1, 20000000, '2023-01-01 17:34:59', NULL),
(507, 253, 160, 1, 11000000, '2023-01-01 17:34:59', NULL),
(508, 253, 161, 1, 8000000, '2023-01-01 17:34:59', NULL),
(509, 253, 157, 1, 300000, '2023-01-01 17:34:59', NULL),
(510, 253, 158, 1, 300005, '2023-01-01 17:34:59', NULL),
(511, 254, 162, 1, 9000000, '2023-01-01 17:35:05', NULL),
(512, 254, 161, 1, 8000000, '2023-01-01 17:35:05', NULL),
(513, 254, 166, 1, 5000000, '2023-01-01 17:35:05', NULL),
(514, 254, 167, 1, 7000000, '2023-01-01 17:35:05', NULL),
(515, 255, 157, 1, 300000, '2023-01-01 23:18:56', NULL),
(516, 255, 156, 1, 200000, '2023-01-01 23:18:56', NULL),
(517, 255, 158, 1, 300005, '2023-01-01 23:18:56', NULL),
(518, 255, 159, 1, 10000000, '2023-01-01 23:18:56', NULL),
(519, 255, 160, 1, 11000000, '2023-01-01 23:18:56', NULL),
(520, 255, 161, 1, 8000000, '2023-01-01 23:18:56', NULL),
(521, 255, 162, 1, 9000000, '2023-01-01 23:18:56', NULL),
(522, 255, 163, 1, 10000000, '2023-01-01 23:18:56', NULL),
(523, 256, 166, 1, 5000000, '2023-01-02 15:58:07', NULL),
(524, 256, 165, 1, 20000000, '2023-01-02 15:58:07', NULL),
(525, 256, 160, 1, 11000000, '2023-01-02 15:58:07', NULL),
(526, 257, 166, 1, 5000000, '2023-01-02 15:58:42', NULL),
(527, 257, 165, 1, 20000000, '2023-01-02 15:58:42', NULL),
(528, 257, 160, 1, 11000000, '2023-01-02 15:58:42', NULL),
(529, 258, 168, 1, 10000000, '2023-01-02 15:59:33', NULL),
(530, 258, 167, 1, 7000000, '2023-01-02 15:59:33', NULL),
(531, 258, 162, 1, 9000000, '2023-01-02 15:59:33', NULL),
(532, 259, 161, 1, 8000000, '2023-01-02 15:59:39', NULL),
(533, 259, 160, 1, 11000000, '2023-01-02 15:59:39', NULL),
(534, 259, 165, 1, 20000000, '2023-01-02 15:59:39', NULL),
(535, 259, 166, 1, 5000000, '2023-01-02 15:59:39', NULL),
(536, 260, 168, 1, 10000000, '2023-01-02 16:08:07', NULL),
(537, 260, 167, 1, 7000000, '2023-01-02 16:08:07', NULL),
(538, 260, 166, 1, 5000000, '2023-01-02 16:08:07', NULL),
(539, 260, 160, 1, 11000000, '2023-01-02 16:08:07', NULL),
(540, 260, 157, 1, 300000, '2023-01-02 16:08:07', NULL),
(541, 261, 166, 1, 5000000, '2023-01-02 16:08:59', NULL),
(542, 261, 165, 1, 20000000, '2023-01-02 16:08:59', NULL),
(543, 261, 160, 1, 11000000, '2023-01-02 16:08:59', NULL),
(544, 261, 161, 1, 8000000, '2023-01-02 16:08:59', NULL),
(545, 261, 156, 1, 200000, '2023-01-02 16:08:59', NULL),
(546, 262, 166, 1, 5000000, '2023-01-02 16:09:09', NULL),
(547, 262, 165, 1, 20000000, '2023-01-02 16:09:09', NULL),
(548, 262, 160, 1, 11000000, '2023-01-02 16:09:09', NULL),
(549, 262, 161, 1, 8000000, '2023-01-02 16:09:09', NULL),
(550, 263, 363, 2, 35000, '2023-02-28 14:27:03', NULL),
(551, 263, 365, 1, 50000, '2023-02-28 14:27:03', NULL),
(552, 263, 364, 1, 45000, '2023-02-28 14:27:03', NULL),
(553, 263, 362, 1, 15000, '2023-02-28 14:27:03', NULL);

-- --------------------------------------------------------

--
-- Table structure for table `payments`
--

CREATE TABLE `payments` (
  `id` int(11) NOT NULL,
  `name` varchar(55) COLLATE utf8mb4_unicode_ci NOT NULL,
  `value_payment` varchar(55) COLLATE utf8mb4_unicode_ci DEFAULT NULL,
  `company_id` varchar(45) COLLATE utf8mb4_unicode_ci NOT NULL,
  `created_at` datetime DEFAULT CURRENT_TIMESTAMP,
  `updated_at` datetime DEFAULT NULL ON UPDATE CURRENT_TIMESTAMP
) ENGINE=InnoDB DEFAULT CHARSET=utf8mb4 COLLATE=utf8mb4_unicode_ci;

--
-- Dumping data for table `payments`
--

INSERT INTO `payments` (`id`, `name`, `value_payment`, `company_id`, `created_at`, `updated_at`) VALUES
(1, 'cash', NULL, '42', '2022-12-07 10:08:22', '2022-12-07 11:03:15'),
(2, 'checks', NULL, '42', '2022-12-07 10:08:29', '2022-12-07 11:03:15'),
(3, 'debit card', NULL, '42', '2022-12-07 10:08:53', '2022-12-07 11:03:15'),
(4, 'credit card', NULL, '42', '2022-12-07 10:08:59', '2022-12-07 11:06:27'),
(5, 'cash', NULL, '103', '2023-01-08 13:56:18', NULL),
(6, 'cheacks', NULL, '103', '2023-01-08 13:56:18', NULL),
(7, 'debut card', NULL, '103', '2023-01-08 13:56:18', NULL),
(8, 'credit card', NULL, '103', '2023-01-08 13:56:18', NULL),
(9, 'cash', NULL, '104', '2023-01-08 13:57:04', NULL),
(10, 'cheacks', NULL, '104', '2023-01-08 13:57:04', NULL),
(11, 'debut card', NULL, '104', '2023-01-08 13:57:04', NULL),
(12, 'credit card', NULL, '104', '2023-01-08 13:57:04', NULL),
(13, 'cash', NULL, '105', '2023-02-28 14:26:20', NULL),
(14, 'cheacks', NULL, '105', '2023-02-28 14:26:20', NULL),
(15, 'debut card', NULL, '105', '2023-02-28 14:26:20', NULL),
(16, 'credit card', NULL, '105', '2023-02-28 14:26:20', NULL);

-- --------------------------------------------------------

--
-- Table structure for table `products`
--

CREATE TABLE `products` (
  `id` int(11) NOT NULL,
  `name` varchar(55) CHARACTER SET latin1 NOT NULL,
  `price` float DEFAULT NULL,
  `image` varchar(255) CHARACTER SET latin1 DEFAULT NULL,
  `created_at` datetime DEFAULT CURRENT_TIMESTAMP,
  `updated_at` datetime DEFAULT NULL ON UPDATE CURRENT_TIMESTAMP,
  `company_id` int(11) DEFAULT NULL,
  `category_id` int(11) DEFAULT NULL
) ENGINE=InnoDB DEFAULT CHARSET=utf8mb4 COLLATE=utf8mb4_unicode_ci;

--
-- Dumping data for table `products`
--

INSERT INTO `products` (`id`, `name`, `price`, `image`, `created_at`, `updated_at`, `company_id`, `category_id`) VALUES
(97, 'galaxy 1', 1000000, 'default.jpg', '2022-09-22 18:30:06', NULL, 1, NULL),
(98, 'galaxy 2', 1000000, 'default.jpg', '2022-09-22 18:30:14', NULL, 1, NULL),
(99, 'galaxy 3', 1000000, 'default.jpg', '2022-09-22 18:30:18', NULL, 1, NULL),
(100, 'galaxy 4', 1000000, 'default.jpg', '2022-09-22 18:30:23', NULL, 1, NULL),
(101, 'galaxy 5', 1000000, 'default.jpg', '2022-09-22 18:30:27', NULL, 1, NULL),
(102, 'note 5', 1000000, 'default.jpg', '2022-09-22 18:30:39', NULL, 1, NULL),
(103, 'iphone 2', 2000000, NULL, '2022-09-22 18:33:33', '2022-11-08 23:06:31', 2, NULL),
(104, 'iphone 2', 2000000, 'default.jpg', '2022-09-22 18:33:43', NULL, 2, NULL),
(105, 'iphone 3', 3000000, 'default.jpg', '2022-09-22 18:33:49', NULL, 2, NULL),
(106, 'iphone 4', 4000000, 'default.jpg', '2022-09-22 18:33:56', NULL, 2, NULL),
(107, 'iphone 5', 5000000, 'default.jpg', '2022-09-22 18:34:02', NULL, 2, NULL),
(108, 'lg 5', 5000000, 'default.jpg', '2022-09-22 18:34:43', NULL, 3, NULL),
(109, 'lg 4', 4000000, 'default.jpg', '2022-09-22 18:34:50', NULL, 3, NULL),
(110, 'lg 3', 3000000, 'default.jpg', '2022-09-22 18:35:03', NULL, 3, NULL),
(114, 'dien thoai tomorola 1', 1000000, 'default.jpg', '2022-09-22 18:38:38', NULL, 6, NULL),
(115, 'dien thoai tomorola 2', 2000000, 'default.jpg', '2022-09-22 18:38:48', NULL, 6, NULL),
(116, 'dien thoai tomorola 3', 3000000, 'default.jpg', '2022-09-22 18:38:55', NULL, 6, NULL),
(117, 'dien thoai tomorola 4', 4000000, 'default.jpg', '2022-09-22 18:39:01', NULL, 6, NULL),
(118, 'may dao huyndai 4', 4000000, 'default.jpg', '2022-09-22 18:39:43', NULL, 5, NULL),
(119, 'may dao huyndai 5', 5000000, 'default.jpg', '2022-09-22 18:39:54', NULL, 5, NULL),
(120, 'may dao huyndai 6', 6000000, 'default.jpg', '2022-09-22 18:40:00', NULL, 5, NULL),
(121, 'dien thoai sony', 6000000, 'default.jpg', '2022-09-22 18:40:40', NULL, 4, NULL),
(122, 'may anh sony', 3000000, 'default.jpg', '2022-09-22 18:40:51', NULL, 4, NULL),
(123, 'tv sony', 3000000, 'default.jpg', '2022-09-22 18:40:59', NULL, 4, NULL),
(124, 'speaker sony', 1000000, 'default.jpg', '2022-09-22 18:41:09', NULL, 4, NULL),
(125, 'speaker sony', 1000000, NULL, '2022-09-25 18:57:31', '2022-11-08 23:06:31', 2, NULL),
(126, 'speaker sony', 1000000, NULL, '2022-09-25 19:02:25', '2022-11-08 23:06:31', 2, NULL),
(127, 'speaker sony', 1000000, NULL, '2022-09-25 19:02:27', '2022-11-08 23:06:31', 2, NULL),
(128, 'speaker sony', 1000000, NULL, '2022-09-25 19:02:28', '2022-11-08 23:06:31', 2, NULL),
(129, 'speaker sony', 1000000, NULL, '2022-09-25 19:02:29', '2022-11-08 23:06:31', 2, NULL),
(130, 'speaker sony', 1000000, NULL, '2022-09-25 19:02:30', '2022-11-08 23:06:31', 2, NULL),
(131, '5555555', 126361000, NULL, '2022-09-25 19:02:57', '2022-11-08 23:06:31', 2, NULL),
(132, 'iphone 2', 2000000, NULL, '2022-11-08 18:05:50', '2022-11-08 23:06:21', 1, NULL),
(133, 'iphone 2', 2000000, NULL, '2022-11-08 18:31:24', '2022-11-08 23:06:21', 1, NULL),
(134, 'iphone 3', 2000000, NULL, '2022-11-08 18:31:33', '2022-11-08 23:06:21', 1, NULL),
(135, 'iphone 3', 2000000, NULL, '2022-11-08 18:31:48', '2022-11-08 23:06:21', 1, NULL),
(136, 'iphone 3', 89, NULL, '2022-11-08 18:32:02', '2022-11-08 23:06:21', 1, NULL),
(137, 'iphone 3', 89, NULL, '2022-11-08 18:32:37', '2022-11-08 23:06:21', 1, NULL),
(138, 'iphone 3', 89, 'undefined', '2022-11-09 18:38:45', NULL, 1, NULL),
(139, 'iphone 3', 89, 'undefined', '2022-11-09 18:39:11', NULL, 1, NULL),
(140, 'iphone 14', 89, 'undefined', '2022-11-09 18:45:09', NULL, 1, NULL),
(141, 'iphone 15', 89, 'uploads/products/avatar-1668004659467.jpeg', '2022-11-09 21:37:39', NULL, 1, NULL),
(142, 'iphone 15', 89, 'uploads/products/avatar-1668005422076.jpeg', '2022-11-09 21:50:22', NULL, 1, NULL),
(143, 'iphone 15', 89, 'uploads/products/avatar-1668005425183.jpeg', '2022-11-09 21:50:25', NULL, 1, NULL),
(144, 'iphone 14', 89, 'uploads/products/avatar-1668006050263.jpeg', '2022-11-09 22:00:50', NULL, 1, NULL),
(145, 'iphone 14', 89, 'uploads/products/avatar-1668069916190.jpeg', '2022-11-10 15:45:16', NULL, 1, NULL),
(146, 'sam sung galaxy 14', 89000, 'uploads/products/avatar-1668165218463.jpeg', '2022-11-11 18:13:38', NULL, 1, NULL),
(147, 'sam sung galaxy 14', 89000, 'uploads/products/avatar-1668165227957.jpeg', '2022-11-11 18:13:47', NULL, 1, NULL),
(148, 'iphone 18', 15000000, '', '2022-11-14 21:44:48', '2022-11-15 15:15:35', 33, NULL),
(149, 'sam sung galaxy s22', 22000000, 'uploads/products/avatar-1668437173119.png', '2022-11-14 21:46:13', NULL, 33, NULL),
(150, 'sam sung galaxy s22', 22000000, 'uploads/products/avatar-1668437264454.png', '2022-11-14 21:47:44', NULL, 33, NULL),
(151, 'iphone 13', 13000000, '', '2022-11-15 14:59:00', NULL, 33, NULL),
(152, 'iphone 13', 13000000, 'uploads/products/avatar-1668500098436.jpeg', '2022-11-15 15:14:58', NULL, 33, NULL),
(156, 'iphone 2', 200000, 'uploads/products/avatar-1669028858913.jpeg', '2022-11-21 18:07:38', NULL, 42, NULL),
(157, 'iphone 3', 300000, 'uploads/products/avatar-1669028879480.jpeg', '2022-11-21 18:07:59', NULL, 42, NULL),
(158, 'iphone 5', 300005, 'uploads/products/avatar-1669028894332.jpeg', '2022-11-21 18:08:14', NULL, 42, NULL),
(159, 'iphone 10', 10000000, 'uploads/products/avatar-1669028910047.jpeg', '2022-11-21 18:08:30', NULL, 42, NULL),
(160, 'iphone 11', 11000000, 'uploads/products/avatar-1669028924701.jpeg', '2022-11-21 18:08:44', NULL, 42, NULL),
(161, 'Samsung Galaxy S8', 8000000, 'uploads/products/avatar-1669028952538.jpeg', '2022-11-21 18:09:12', NULL, 42, NULL),
(162, 'Samsung Galaxy S9', 9000000, 'uploads/products/avatar-1669028977616.jpeg', '2022-11-21 18:09:37', NULL, 42, NULL),
(163, 'Samsung Galaxy S10', 10000000, 'uploads/products/avatar-1669028994237.jpeg', '2022-11-21 18:09:54', NULL, 42, NULL),
(165, 'Samsung Galaxy S20', 20000000, 'uploads/products/avatar-1669029021727.jpeg', '2022-11-21 18:10:21', NULL, 42, NULL),
(166, 'Samsung Galaxy Note5', 5000000, 'uploads/products/avatar-1669029040640.jpeg', '2022-11-21 18:10:40', NULL, 42, NULL),
(167, 'Samsung Galaxy Note7', 7000000, 'uploads/products/avatar-1669029052767.jpeg', '2022-11-21 18:10:52', NULL, 42, NULL),
(168, 'Samsung Galaxy Note 10', 10000000, 'uploads/products/avatar-1672926896020.png', '2022-11-21 18:11:05', '2023-01-05 20:54:56', 42, NULL),
(169, 'ca phe sua', 15000, 'img1.jpg', '2023-01-04 10:37:32', NULL, 70, NULL),
(170, 'ca phe sua', 15000, 'img1.jpg', '2023-01-04 10:37:52', NULL, 70, NULL),
(171, 'ca phe sua', 15000, 'img1.jpg', '2023-01-04 10:37:52', NULL, 70, NULL),
(172, 'C Ph ', 15000, 'uploads/sample_product/image-1672742259603.jpeg', '2023-01-04 11:24:25', NULL, 70, 0),
(173, 'Capuchino', 35000, 'uploads/sample_product/image-1672742430414.png', '2023-01-04 11:24:25', NULL, 70, 0),
(174, 'Tr ', 45000, 'uploads/sample_product/image-1672742588536.jpeg', '2023-01-04 11:24:25', NULL, 70, 0),
(175, 'Tr dao', 50000, 'uploads/sample_product/image-1672744998183.jpeg', '2023-01-04 11:24:25', NULL, 70, 0),
(176, 'C Ph ', 15000, 'uploads/sample_product/image-1672742259603.jpeg', '2023-01-04 11:27:09', NULL, 70, NULL),
(177, 'Capuchino', 35000, 'uploads/sample_product/image-1672742430414.png', '2023-01-04 11:27:09', NULL, 70, NULL),
(178, 'Tr ', 45000, 'uploads/sample_product/image-1672742588536.jpeg', '2023-01-04 11:27:09', NULL, 70, NULL),
(179, 'Tr dao', 50000, 'uploads/sample_product/image-1672744998183.jpeg', '2023-01-04 11:27:09', NULL, 70, NULL),
(180, 'C Ph ', 15000, 'uploads/sample_product/image-1672742259603.jpeg', '2023-01-04 11:34:42', NULL, 71, NULL),
(181, 'Capuchino', 35000, 'uploads/sample_product/image-1672742430414.png', '2023-01-04 11:34:42', NULL, 71, NULL),
(182, 'Tr ', 45000, 'uploads/sample_product/image-1672742588536.jpeg', '2023-01-04 11:34:42', NULL, 71, NULL),
(183, 'Tr dao', 50000, 'uploads/sample_product/image-1672744998183.jpeg', '2023-01-04 11:34:42', NULL, 71, NULL),
(184, 'C Ph ', 15000, 'uploads/sample_product/image-1672742259603.jpeg', '2023-01-04 11:39:48', NULL, 71, NULL),
(185, 'Capuchino', 35000, 'uploads/sample_product/image-1672742430414.png', '2023-01-04 11:39:48', NULL, 71, NULL),
(186, 'Tr ', 45000, 'uploads/sample_product/image-1672742588536.jpeg', '2023-01-04 11:39:48', NULL, 71, NULL),
(187, 'Tr dao', 50000, 'uploads/sample_product/image-1672744998183.jpeg', '2023-01-04 11:39:48', NULL, 71, NULL),
(188, 'C Ph ', 15000, 'uploads/sample_product/image-1672742259603.jpeg', '2023-01-04 11:42:34', NULL, 71, NULL),
(189, 'Capuchino', 35000, 'uploads/sample_product/image-1672742430414.png', '2023-01-04 11:42:34', NULL, 71, NULL),
(190, 'Tr ', 45000, 'uploads/sample_product/image-1672742588536.jpeg', '2023-01-04 11:42:34', NULL, 71, NULL),
(191, 'Tr dao', 50000, 'uploads/sample_product/image-1672744998183.jpeg', '2023-01-04 11:42:34', NULL, 71, NULL),
(192, 'C Ph ', 15000, 'uploads/sample_product/image-1672742259603.jpeg', '2023-01-04 11:53:15', NULL, 71, NULL),
(193, 'ca phe den', 8000, 'uploads/products/avatar-1672808833857.jpeg', '2023-01-04 11:53:15', '2023-01-04 12:07:13', 71, NULL),
(194, 'ca phe den', 8000, 'uploads/products/avatar-1672808789657.jpeg', '2023-01-04 11:53:15', '2023-01-04 12:06:29', 71, NULL),
(195, 'ca phe den', 8000, 'uploads/products/avatar-1672808622281.jpeg', '2023-01-04 11:53:15', '2023-01-04 12:03:42', 71, NULL),
(196, 'C Ph ', 15000, 'uploads/sample_product/image-1672742259603.jpeg', '2023-01-05 16:58:48', NULL, 70, NULL),
(197, 'Capuchino', 35000, 'uploads/sample_product/image-1672742430414.png', '2023-01-05 16:58:48', NULL, 70, NULL),
(198, 'Tr ', 45000, 'uploads/sample_product/image-1672742588536.jpeg', '2023-01-05 16:58:48', NULL, 70, NULL),
(199, 'Tr dao', 50000, 'uploads/sample_product/image-1672744998183.jpeg', '2023-01-05 16:58:48', NULL, 70, NULL),
(200, 'C Ph ', 15000, 'uploads/sample_product/image-1672742259603.jpeg', '2023-01-05 17:00:12', NULL, 70, NULL),
(201, 'Capuchino', 35000, 'uploads/sample_product/image-1672742430414.png', '2023-01-05 17:00:12', NULL, 70, NULL),
(202, 'Tr ', 45000, 'uploads/sample_product/image-1672742588536.jpeg', '2023-01-05 17:00:12', NULL, 70, NULL),
(203, 'Tr dao', 50000, 'uploads/sample_product/image-1672744998183.jpeg', '2023-01-05 17:00:12', NULL, 70, NULL),
(204, 'C Ph ', 15000, 'uploads/sample_product/image-1672742259603.jpeg', '2023-01-05 17:00:21', NULL, 70, NULL),
(205, 'Capuchino', 35000, 'uploads/sample_product/image-1672742430414.png', '2023-01-05 17:00:21', NULL, 70, NULL),
(206, 'Tr ', 45000, 'uploads/sample_product/image-1672742588536.jpeg', '2023-01-05 17:00:21', NULL, 70, NULL),
(207, 'Tr dao', 50000, 'uploads/sample_product/image-1672744998183.jpeg', '2023-01-05 17:00:21', NULL, 70, NULL),
(208, 'C Ph ', 15000, 'uploads/sample_product/image-1672742259603.jpeg', '2023-01-05 17:00:50', NULL, 72, NULL),
(209, 'Capuchino', 35000, 'uploads/sample_product/image-1672742430414.png', '2023-01-05 17:00:50', NULL, 72, NULL),
(210, 'Tr ', 45000, 'uploads/sample_product/image-1672742588536.jpeg', '2023-01-05 17:00:50', NULL, 72, NULL),
(211, 'Tr dao', 50000, 'uploads/sample_product/image-1672744998183.jpeg', '2023-01-05 17:00:50', NULL, 72, NULL),
(212, 'C Ph ', 15000, 'uploads/sample_product/image-1672742259603.jpeg', '2023-01-05 17:01:06', NULL, 72, NULL),
(213, 'Capuchino', 35000, 'uploads/sample_product/image-1672742430414.png', '2023-01-05 17:01:06', NULL, 72, NULL),
(214, 'Tr ', 45000, 'uploads/sample_product/image-1672742588536.jpeg', '2023-01-05 17:01:06', NULL, 72, NULL),
(215, 'Tr dao', 50000, 'uploads/sample_product/image-1672744998183.jpeg', '2023-01-05 17:01:06', NULL, 72, NULL),
(216, 'C Ph ', 15000, 'uploads/sample_product/image-1672742259603.jpeg', '2023-01-05 17:10:05', NULL, 72, NULL),
(217, 'Capuchino', 35000, 'uploads/sample_product/image-1672742430414.png', '2023-01-05 17:10:05', NULL, 72, NULL),
(218, 'Tr ', 45000, 'uploads/sample_product/image-1672742588536.jpeg', '2023-01-05 17:10:05', NULL, 72, NULL),
(219, 'Tr dao', 50000, 'uploads/sample_product/image-1672744998183.jpeg', '2023-01-05 17:10:05', NULL, 72, NULL),
(220, 'C Ph ', 15000, 'uploads/sample_product/image-1672742259603.jpeg', '2023-01-05 17:10:08', NULL, 72, NULL),
(221, 'Capuchino', 35000, 'uploads/sample_product/image-1672742430414.png', '2023-01-05 17:10:08', NULL, 72, NULL),
(222, 'Tr ', 45000, 'uploads/sample_product/image-1672742588536.jpeg', '2023-01-05 17:10:08', NULL, 72, NULL),
(223, 'Tr dao', 50000, 'uploads/sample_product/image-1672744998183.jpeg', '2023-01-05 17:10:08', NULL, 72, NULL),
(224, 'C Ph ', 15000, 'uploads/sample_product/image-1672742259603.jpeg', '2023-01-05 17:10:10', NULL, 72, NULL),
(225, 'Capuchino', 35000, 'uploads/sample_product/image-1672742430414.png', '2023-01-05 17:10:10', NULL, 72, NULL),
(226, 'Tr ', 45000, 'uploads/sample_product/image-1672742588536.jpeg', '2023-01-05 17:10:10', NULL, 72, NULL),
(227, 'Tr dao', 50000, 'uploads/sample_product/image-1672744998183.jpeg', '2023-01-05 17:10:10', NULL, 72, NULL),
(228, 'C Ph ', 15000, 'uploads/sample_product/image-1672742259603.jpeg', '2023-01-05 17:47:34', NULL, 74, NULL),
(229, 'Capuchino', 35000, 'uploads/sample_product/image-1672742430414.png', '2023-01-05 17:47:34', NULL, 74, NULL),
(230, 'Tr ', 45000, 'uploads/sample_product/image-1672742588536.jpeg', '2023-01-05 17:47:34', NULL, 74, NULL),
(231, 'Tr dao', 50000, 'uploads/sample_product/image-1672744998183.jpeg', '2023-01-05 17:47:34', NULL, 74, NULL),
(232, 'C Ph ', 15000, 'uploads/sample_product/image-1672742259603.jpeg', '2023-01-05 18:04:24', NULL, 75, NULL),
(233, 'Capuchino', 35000, 'uploads/sample_product/image-1672742430414.png', '2023-01-05 18:04:24', NULL, 75, NULL),
(234, 'Tr ', 45000, 'uploads/sample_product/image-1672742588536.jpeg', '2023-01-05 18:04:24', NULL, 75, NULL),
(235, 'Tr dao', 50000, 'uploads/sample_product/image-1672744998183.jpeg', '2023-01-05 18:04:24', NULL, 75, NULL),
(236, 'C Ph ', 15000, 'uploads/sample_product/image-1672742259603.jpeg', '2023-01-05 18:04:59', NULL, 76, NULL),
(237, 'Capuchino', 35000, 'uploads/sample_product/image-1672742430414.png', '2023-01-05 18:04:59', NULL, 76, NULL),
(238, 'Tr ', 45000, 'uploads/sample_product/image-1672742588536.jpeg', '2023-01-05 18:04:59', NULL, 76, NULL),
(239, 'Tr dao', 50000, 'uploads/sample_product/image-1672744998183.jpeg', '2023-01-05 18:04:59', NULL, 76, NULL),
(244, 'C Ph ', 15000, 'uploads/sample_product/image-1672742259603.jpeg', '2023-01-05 19:49:36', NULL, 81, NULL),
(245, 'Capuchino', 35000, 'uploads/sample_product/image-1672742430414.png', '2023-01-05 19:49:36', NULL, 81, NULL),
(246, 'Tr ', 45000, 'uploads/sample_product/image-1672742588536.jpeg', '2023-01-05 19:49:36', NULL, 81, NULL),
(247, 'Tr dao', 50000, 'uploads/sample_product/image-1672744998183.jpeg', '2023-01-05 19:49:36', NULL, 81, NULL),
(248, 'C Ph ', 15000, 'uploads/sample_product/image-1672742259603.jpeg', '2023-01-05 19:50:53', NULL, 82, NULL),
(249, 'Capuchino', 35000, 'uploads/sample_product/image-1672742430414.png', '2023-01-05 19:50:53', NULL, 82, NULL),
(251, 'Tr dao', 50000, 'uploads/sample_product/image-1672744998183.jpeg', '2023-01-05 19:50:53', NULL, 82, NULL),
(252, 'C Ph ', 15000, 'uploads/sample_product/image-1672742259603.jpeg', '2023-01-05 20:31:44', NULL, 83, NULL),
(253, 'Capuchino', 35000, 'uploads/sample_product/image-1672742430414.png', '2023-01-05 20:31:44', NULL, 83, NULL),
(254, 'Tr ', 45000, 'uploads/sample_product/image-1672742588536.jpeg', '2023-01-05 20:31:44', NULL, 83, NULL),
(255, 'Tr dao', 50000, 'uploads/sample_product/image-1672744998183.jpeg', '2023-01-05 20:31:44', NULL, 83, NULL),
(256, 'C Ph ', 15000, 'uploads/sample_product/image-1672742259603.jpeg', '2023-01-05 20:42:13', NULL, 85, NULL),
(257, 'Capuchino', 35000, 'uploads/sample_product/image-1672742430414.png', '2023-01-05 20:42:13', NULL, 85, NULL),
(258, 'Tr ', 45000, 'uploads/sample_product/image-1672742588536.jpeg', '2023-01-05 20:42:13', NULL, 85, NULL),
(259, 'Tr dao', 50000, 'uploads/sample_product/image-1672744998183.jpeg', '2023-01-05 20:42:13', NULL, 85, NULL),
(261, 'C Ph ', 15000, 'uploads/sample_product/image-1672742259603.jpeg', '2023-01-05 21:08:37', NULL, 87, NULL),
(262, 'Capuchino', 35000, 'uploads/sample_product/image-1672742430414.png', '2023-01-05 21:08:37', NULL, 87, NULL),
(263, 'TRa skdfknsd kn kjdskfj dsjkf kjdnsjkfn kdnjfnd', 45000, '', '2023-01-05 21:08:37', '2023-01-05 21:11:35', 87, NULL),
(264, 'Tr dao', 50000, 'uploads/sample_product/image-1672744998183.jpeg', '2023-01-05 21:08:37', NULL, 87, NULL),
(265, 'C Ph ', 15000, 'uploads/sample_product/image-1672742259603.jpeg', '2023-01-05 21:20:31', NULL, 88, NULL),
(266, 'Capuchino', 35000, 'uploads/sample_product/image-1672742430414.png', '2023-01-05 21:20:31', NULL, 88, NULL),
(267, 'Tr ', 45000, 'uploads/sample_product/image-1672742588536.jpeg', '2023-01-05 21:20:31', NULL, 88, NULL),
(268, '<script>console.log(\"hacked\")</script>', 50000, 'uploads/sample_product/image-1672744998183.jpeg', '2023-01-05 21:20:31', '2023-01-05 21:23:54', 88, NULL),
(269, '\"; DROP TABLE users;', 23334400, '', '2023-01-05 21:26:53', NULL, 88, NULL),
(270, 'C Ph ', 15000, 'uploads/sample_product/image-1672742259603.jpeg', '2023-01-08 13:36:50', NULL, 90, NULL),
(271, 'Capuchino', 35000, 'uploads/sample_product/image-1672742430414.png', '2023-01-08 13:36:50', NULL, 90, NULL),
(272, 'Tr ', 45000, 'uploads/sample_product/image-1672742588536.jpeg', '2023-01-08 13:36:50', NULL, 90, NULL),
(273, 'Tr dao', 50000, 'uploads/sample_product/image-1672744998183.jpeg', '2023-01-08 13:36:50', NULL, 90, NULL),
(274, 'C Ph ', 15000, 'uploads/sample_product/image-1672742259603.jpeg', '2023-01-08 13:38:18', NULL, 91, NULL),
(275, 'Capuchino', 35000, 'uploads/sample_product/image-1672742430414.png', '2023-01-08 13:38:18', NULL, 91, NULL),
(276, 'Tr ', 45000, 'uploads/sample_product/image-1672742588536.jpeg', '2023-01-08 13:38:18', NULL, 91, NULL),
(277, 'Tr dao', 50000, 'uploads/sample_product/image-1672744998183.jpeg', '2023-01-08 13:38:18', NULL, 91, NULL),
(278, 'C Ph ', 15000, 'uploads/sample_product/image-1672742259603.jpeg', '2023-01-08 13:43:07', NULL, 92, NULL),
(279, 'Capuchino', 35000, 'uploads/sample_product/image-1672742430414.png', '2023-01-08 13:43:07', NULL, 92, NULL),
(280, 'Tr ', 45000, 'uploads/sample_product/image-1672742588536.jpeg', '2023-01-08 13:43:07', NULL, 92, NULL),
(281, 'Tr dao', 50000, 'uploads/sample_product/image-1672744998183.jpeg', '2023-01-08 13:43:07', NULL, 92, NULL),
(282, 'cash', NULL, NULL, '2023-01-08 13:43:07', NULL, 92, NULL),
(283, 'cheacks', NULL, NULL, '2023-01-08 13:43:07', NULL, 92, NULL),
(284, 'debut card', NULL, NULL, '2023-01-08 13:43:07', NULL, 92, NULL),
(285, 'credit card', NULL, NULL, '2023-01-08 13:43:07', NULL, 92, NULL),
(286, 'C Ph ', 15000, 'uploads/sample_product/image-1672742259603.jpeg', '2023-01-08 13:43:41', NULL, 93, NULL),
(287, 'Capuchino', 35000, 'uploads/sample_product/image-1672742430414.png', '2023-01-08 13:43:41', NULL, 93, NULL),
(288, 'Tr ', 45000, 'uploads/sample_product/image-1672742588536.jpeg', '2023-01-08 13:43:41', NULL, 93, NULL),
(289, 'Tr dao', 50000, 'uploads/sample_product/image-1672744998183.jpeg', '2023-01-08 13:43:41', NULL, 93, NULL),
(290, 'cash', NULL, NULL, '2023-01-08 13:43:41', NULL, 93, NULL),
(291, 'cheacks', NULL, NULL, '2023-01-08 13:43:41', NULL, 93, NULL),
(292, 'debut card', NULL, NULL, '2023-01-08 13:43:41', NULL, 93, NULL),
(293, 'credit card', NULL, NULL, '2023-01-08 13:43:41', NULL, 93, NULL),
(294, 'C Ph ', 15000, 'uploads/sample_product/image-1672742259603.jpeg', '2023-01-08 13:44:25', NULL, 94, NULL),
(295, 'Capuchino', 35000, 'uploads/sample_product/image-1672742430414.png', '2023-01-08 13:44:25', NULL, 94, NULL),
(296, 'Tr ', 45000, 'uploads/sample_product/image-1672742588536.jpeg', '2023-01-08 13:44:25', NULL, 94, NULL),
(297, 'Tr dao', 50000, 'uploads/sample_product/image-1672744998183.jpeg', '2023-01-08 13:44:25', NULL, 94, NULL),
(298, 'cash', NULL, NULL, '2023-01-08 13:44:25', NULL, 94, NULL),
(299, 'cheacks', NULL, NULL, '2023-01-08 13:44:25', NULL, 94, NULL),
(300, 'debut card', NULL, NULL, '2023-01-08 13:44:25', NULL, 94, NULL),
(301, 'credit card', NULL, NULL, '2023-01-08 13:44:25', NULL, 94, NULL),
(302, 'C Ph ', 15000, 'uploads/sample_product/image-1672742259603.jpeg', '2023-01-08 13:46:32', NULL, 95, NULL),
(303, 'Capuchino', 35000, 'uploads/sample_product/image-1672742430414.png', '2023-01-08 13:46:32', NULL, 95, NULL),
(304, 'Tr ', 45000, 'uploads/sample_product/image-1672742588536.jpeg', '2023-01-08 13:46:32', NULL, 95, NULL),
(305, 'Tr dao', 50000, 'uploads/sample_product/image-1672744998183.jpeg', '2023-01-08 13:46:32', NULL, 95, NULL),
(306, 'cash', NULL, NULL, '2023-01-08 13:46:32', NULL, 95, NULL),
(307, 'cheacks', NULL, NULL, '2023-01-08 13:46:32', NULL, 95, NULL),
(308, 'debut card', NULL, NULL, '2023-01-08 13:46:32', NULL, 95, NULL),
(309, 'credit card', NULL, NULL, '2023-01-08 13:46:32', NULL, 95, NULL),
(310, 'C Ph ', 15000, 'uploads/sample_product/image-1672742259603.jpeg', '2023-01-08 13:48:03', NULL, 96, NULL),
(311, 'Capuchino', 35000, 'uploads/sample_product/image-1672742430414.png', '2023-01-08 13:48:03', NULL, 96, NULL),
(312, 'Tr ', 45000, 'uploads/sample_product/image-1672742588536.jpeg', '2023-01-08 13:48:03', NULL, 96, NULL),
(313, 'Tr dao', 50000, 'uploads/sample_product/image-1672744998183.jpeg', '2023-01-08 13:48:03', NULL, 96, NULL),
(314, 'cash', NULL, NULL, '2023-01-08 13:48:03', NULL, 96, NULL),
(315, 'cheacks', NULL, NULL, '2023-01-08 13:48:03', NULL, 96, NULL),
(316, 'debut card', NULL, NULL, '2023-01-08 13:48:03', NULL, 96, NULL),
(317, 'credit card', NULL, NULL, '2023-01-08 13:48:03', NULL, 96, NULL),
(318, 'C Ph ', 15000, 'uploads/sample_product/image-1672742259603.jpeg', '2023-01-08 13:50:16', NULL, 97, NULL),
(319, 'Capuchino', 35000, 'uploads/sample_product/image-1672742430414.png', '2023-01-08 13:50:16', NULL, 97, NULL),
(320, 'Tr ', 45000, 'uploads/sample_product/image-1672742588536.jpeg', '2023-01-08 13:50:16', NULL, 97, NULL),
(321, 'Tr dao', 50000, 'uploads/sample_product/image-1672744998183.jpeg', '2023-01-08 13:50:16', NULL, 97, NULL),
(322, 'cash', NULL, NULL, '2023-01-08 13:50:16', NULL, 97, NULL),
(323, 'cheacks', NULL, NULL, '2023-01-08 13:50:16', NULL, 97, NULL),
(324, 'debut card', NULL, NULL, '2023-01-08 13:50:16', NULL, 97, NULL),
(325, 'credit card', NULL, NULL, '2023-01-08 13:50:16', NULL, 97, NULL),
(326, 'C Ph ', 15000, 'uploads/sample_product/image-1672742259603.jpeg', '2023-01-08 13:50:50', NULL, 98, NULL),
(327, 'Capuchino', 35000, 'uploads/sample_product/image-1672742430414.png', '2023-01-08 13:50:50', NULL, 98, NULL),
(328, 'Tr ', 45000, 'uploads/sample_product/image-1672742588536.jpeg', '2023-01-08 13:50:50', NULL, 98, NULL),
(329, 'Tr dao', 50000, 'uploads/sample_product/image-1672744998183.jpeg', '2023-01-08 13:50:50', NULL, 98, NULL),
(330, 'cash', NULL, NULL, '2023-01-08 13:50:50', NULL, 98, NULL),
(331, 'cheacks', NULL, NULL, '2023-01-08 13:50:50', NULL, 98, NULL),
(332, 'debut card', NULL, NULL, '2023-01-08 13:50:50', NULL, 98, NULL),
(333, 'credit card', NULL, NULL, '2023-01-08 13:50:50', NULL, 98, NULL),
(334, 'C Ph ', 15000, 'uploads/sample_product/image-1672742259603.jpeg', '2023-01-08 13:51:39', NULL, 99, NULL),
(335, 'Capuchino', 35000, 'uploads/sample_product/image-1672742430414.png', '2023-01-08 13:51:39', NULL, 99, NULL),
(336, 'Tr ', 45000, 'uploads/sample_product/image-1672742588536.jpeg', '2023-01-08 13:51:39', NULL, 99, NULL),
(337, 'Tr dao', 50000, 'uploads/sample_product/image-1672744998183.jpeg', '2023-01-08 13:51:39', NULL, 99, NULL),
(338, 'C Ph ', 15000, 'uploads/sample_product/image-1672742259603.jpeg', '2023-01-08 13:53:28', NULL, 101, NULL),
(339, 'Capuchino', 35000, 'uploads/sample_product/image-1672742430414.png', '2023-01-08 13:53:28', NULL, 101, NULL),
(340, 'Tr ', 45000, 'uploads/sample_product/image-1672742588536.jpeg', '2023-01-08 13:53:28', NULL, 101, NULL),
(341, 'Tr dao', 50000, 'uploads/sample_product/image-1672744998183.jpeg', '2023-01-08 13:53:28', NULL, 101, NULL),
(342, 'cash', NULL, NULL, '2023-01-08 13:53:28', NULL, 101, NULL),
(343, 'cheacks', NULL, NULL, '2023-01-08 13:53:28', NULL, 101, NULL),
(344, 'debut card', NULL, NULL, '2023-01-08 13:53:28', NULL, 101, NULL),
(345, 'credit card', NULL, NULL, '2023-01-08 13:53:28', NULL, 101, NULL),
(346, 'C Ph ', 15000, 'uploads/sample_product/image-1672742259603.jpeg', '2023-01-08 13:54:36', NULL, 102, NULL),
(347, 'Capuchino', 35000, 'uploads/sample_product/image-1672742430414.png', '2023-01-08 13:54:36', NULL, 102, NULL),
(348, 'Tr ', 45000, 'uploads/sample_product/image-1672742588536.jpeg', '2023-01-08 13:54:36', NULL, 102, NULL),
(349, 'Tr dao', 50000, 'uploads/sample_product/image-1672744998183.jpeg', '2023-01-08 13:54:36', NULL, 102, NULL),
(350, 'cash', NULL, NULL, '2023-01-08 13:54:36', NULL, 102, NULL),
(351, 'cheacks', NULL, NULL, '2023-01-08 13:54:36', NULL, 102, NULL),
(352, 'debut card', NULL, NULL, '2023-01-08 13:54:36', NULL, 102, NULL),
(353, 'credit card', NULL, NULL, '2023-01-08 13:54:36', NULL, 102, NULL),
(354, 'C Ph ', 15000, 'uploads/sample_product/image-1672742259603.jpeg', '2023-01-08 13:56:18', NULL, 103, NULL),
(355, 'Capuchino', 35000, 'uploads/sample_product/image-1672742430414.png', '2023-01-08 13:56:18', NULL, 103, NULL),
(356, 'Tr ', 45000, 'uploads/sample_product/image-1672742588536.jpeg', '2023-01-08 13:56:18', NULL, 103, NULL),
(357, 'Tr dao', 50000, 'uploads/sample_product/image-1672744998183.jpeg', '2023-01-08 13:56:18', NULL, 103, NULL),
(358, 'C Ph ', 15000, 'uploads/sample_product/image-1672742259603.jpeg', '2023-01-08 13:57:04', NULL, 104, NULL),
(359, 'Capuchino', 35000, 'uploads/sample_product/image-1672742430414.png', '2023-01-08 13:57:04', NULL, 104, NULL),
(360, 'Tr ', 45000, 'uploads/sample_product/image-1672742588536.jpeg', '2023-01-08 13:57:04', NULL, 104, NULL),
(361, 'Tr dao', 50000, 'uploads/sample_product/image-1672744998183.jpeg', '2023-01-08 13:57:04', NULL, 104, NULL),
(362, 'C Ph ', 15000, 'uploads/sample_product/image-1672742259603.jpeg', '2023-02-28 14:26:20', NULL, 105, NULL),
(363, 'Capuchino', 35000, 'uploads/sample_product/image-1672742430414.png', '2023-02-28 14:26:20', NULL, 105, NULL),
(364, 'Tr ', 45000, 'uploads/sample_product/image-1672742588536.jpeg', '2023-02-28 14:26:20', NULL, 105, NULL),
(365, 'Tr dao', 50000, 'uploads/sample_product/image-1672744998183.jpeg', '2023-02-28 14:26:20', NULL, 105, NULL);

-- --------------------------------------------------------

--
-- Table structure for table `sample_business`
--

CREATE TABLE `sample_business` (
  `id` int(11) NOT NULL,
  `name` varchar(55) COLLATE utf8mb4_unicode_ci DEFAULT NULL,
  `created_at` datetime DEFAULT CURRENT_TIMESTAMP,
  `updated_at` datetime DEFAULT NULL ON UPDATE CURRENT_TIMESTAMP
) ENGINE=InnoDB DEFAULT CHARSET=utf8mb4 COLLATE=utf8mb4_unicode_ci;

--
-- Dumping data for table `sample_business`
--

INSERT INTO `sample_business` (`id`, `name`, `created_at`, `updated_at`) VALUES
(1, 'coffee', '2023-01-03 16:46:27', NULL),
(2, 'laundry', '2023-01-03 16:46:27', NULL),
(3, 'Clothes', '2023-01-05 18:47:52', '2023-01-05 19:24:05');

-- --------------------------------------------------------

--
-- Table structure for table `sample_products`
--

CREATE TABLE `sample_products` (
  `id` int(11) NOT NULL,
  `name` varchar(55) COLLATE utf8mb4_unicode_ci DEFAULT NULL,
  `price` float DEFAULT NULL,
  `image` varchar(255) COLLATE utf8mb4_unicode_ci DEFAULT NULL,
  `business_id` varchar(55) COLLATE utf8mb4_unicode_ci DEFAULT NULL,
  `category_id` varchar(55) COLLATE utf8mb4_unicode_ci DEFAULT NULL,
  `created_at` datetime DEFAULT CURRENT_TIMESTAMP,
  `updated_at` datetime DEFAULT NULL ON UPDATE CURRENT_TIMESTAMP
) ENGINE=InnoDB DEFAULT CHARSET=utf8mb4 COLLATE=utf8mb4_unicode_ci;

--
-- Dumping data for table `sample_products`
--

INSERT INTO `sample_products` (`id`, `name`, `price`, `image`, `business_id`, `category_id`, `created_at`, `updated_at`) VALUES
(1, 'C Ph ', 15000, 'uploads/sample_product/image-1672742259603.jpeg', '1', '', '2023-01-03 17:37:39', NULL),
(2, 'Capuchino', 35000, 'uploads/sample_product/image-1672742430414.png', '1', '', '2023-01-03 17:40:30', NULL),
(3, 'Tr ', 45000, 'uploads/sample_product/image-1672742588536.jpeg', '1', '', '2023-01-03 17:43:08', NULL),
(4, 'Tr dao', 50000, 'uploads/sample_product/image-1672744998183.jpeg', '1', '1', '2023-01-03 17:47:45', '2023-01-03 18:23:18');

-- --------------------------------------------------------

--
-- Table structure for table `users`
--

CREATE TABLE `users` (
  `id` int(11) NOT NULL,
  `name` varchar(55) CHARACTER SET latin1 NOT NULL,
  `user_name` varchar(55) CHARACTER SET latin1 NOT NULL,
  `password` varchar(255) CHARACTER SET latin1 NOT NULL,
  `company_id` int(11) NOT NULL,
  `email` varchar(55) CHARACTER SET latin1 DEFAULT NULL,
  `phone_number` varchar(55) CHARACTER SET latin1 DEFAULT NULL,
  `avatar` varchar(255) CHARACTER SET latin1 DEFAULT NULL,
  `created_at` datetime DEFAULT CURRENT_TIMESTAMP,
  `updated_at` datetime DEFAULT NULL ON UPDATE CURRENT_TIMESTAMP
) ENGINE=InnoDB DEFAULT CHARSET=utf8mb4 COLLATE=utf8mb4_unicode_ci;

--
-- Dumping data for table `users`
--

INSERT INTO `users` (`id`, `name`, `user_name`, `password`, `company_id`, `email`, `phone_number`, `avatar`, `created_at`, `updated_at`) VALUES
(1, '', 'samsung1', '$2b$10$A5jgA5Czcex2XQq8Pe4oBO6R34f2LbY5pSr/HCkufTkkzu0.ACWna', 42, NULL, NULL, NULL, '2022-11-11 17:14:28', '2022-12-30 21:03:12'),
(2, '', 'samsung2', '000000', 1, NULL, NULL, NULL, '2022-11-11 17:23:24', NULL),
(3, '', 'xiaomi7', '$2b$10$NLRtl2.kCfN3kr9MxDRna.8zRuZqTtHmVT81Fm6YpsXs6dFyu2jza', 9, NULL, NULL, NULL, '2022-11-14 14:49:51', NULL),
(5, '', 'xiaomi9', '$2b$10$1YtMHlwL3X0NREZ/LBmj6Odir3PzWDUc2Gj.DpxbMFEgmUJkJvOV6', 11, NULL, NULL, NULL, '2022-11-14 14:56:39', NULL),
(6, '', 'xiaomi11', '$2b$10$AcIj1PX.FiSssP8dz2S/W.qi7aLCPkU/LWYhQLo4i8/AdyfDQL7e2', 12, NULL, NULL, NULL, '2022-11-14 14:57:07', NULL),
(8, '', 'xiaomi76126312312', '$2b$10$EE1OgZ7n.sdbWTN2y.M2buEOkTvhAcMwuhXnTcZDfmJJtyeX1.2ne', 14, NULL, NULL, NULL, '2022-11-14 14:59:13', NULL),
(9, '', 'xiaomi67', '$2b$10$pkhTWLCj3i.Q1EFKux7HOeBLJzhhA443qAtgVwT3FIkAMcqZjjOUm', 15, NULL, NULL, NULL, '2022-11-14 15:00:46', NULL),
(10, '', 'xiaomi673', '$2b$10$x5G2vscaC52rXYTL/DbtD.YpFOpXheqKpfnQeLRU0L2rn/cyBuhGq', 16, NULL, NULL, NULL, '2022-11-14 15:01:48', NULL),
(11, '', 'xiaomi6733', '$2b$10$xGMKQdB2B2NJ09gtcqIsaO2fVQYQ/in3zuiGwNT9mngkozbAWE2W2', 17, NULL, NULL, NULL, '2022-11-14 15:02:08', NULL),
(12, '', 'xiaomi67333', '$2b$10$eX5jskUiGIIkctSce4d.PugtGpZV7qFrbJfULkASmL4wbshglILY6', 18, NULL, NULL, NULL, '2022-11-14 15:02:54', NULL),
(13, '', 'xiaomi673133', '$2b$10$oU/FZ.Z9ryJ2lxbWUDqN7e3nQvJJK0vpGmo3QXZPbWPvo7465TfiW', 19, NULL, NULL, NULL, '2022-11-14 15:07:18', NULL),
(17, 'undefined', 'xiaomi6731787833', '$2b$10$6CpFH0kUoqpASMJvH6locejl.QExAfuUzlGX.jv7NrD4Qm17Nh88W', 23, 'undefined', 'undefined', 'undefined', '2022-11-14 15:43:23', NULL),
(18, '', 'iphone14', '$2b$10$miu0pMWO0UsCen0id96fEeNGNtR.1AVxE9l.FiiOuO.0Z0HwV4uSi', 24, '', '', '', '2022-11-14 15:50:45', NULL),
(21, '', 'admin_udo', '$2b$10$Whmnfhr0g0KANgniyylzj.m3oNO7ZUpoZoOz9pbaFK9na8pmL7Fp2', 25, '', '', '', '2022-11-14 17:17:14', NULL),
(23, '', 'admin_udo2', '$2b$10$8l3bexGs0lPEazQbCZ52U.t3wKEWIPJbXGJn8BE3F.qXXxDljS/Py', 27, '', '', '', '2022-11-14 17:28:43', NULL),
(24, '', 'admin_udo3', '$2b$10$lAzBMqJuagy7.72dMdFWAuiTCQSvrgl/4/GVOGFAZDwPvQcl8xiy2', 28, '', '', '', '2022-11-14 17:33:07', NULL),
(26, '', 'udoadmin111', '000000', 30, '', '', 'uploads/users/avatar-1668433469256.jpeg', '2022-11-14 17:35:27', '2022-11-14 20:44:29'),
(28, '', 'udoadmin10', '000000', 30, '', '', 'uploads/users/avatar-1668423214228.jpeg', '2022-11-14 17:45:44', '2022-11-14 17:53:34'),
(29, '', 'Udo_admin10', '$2b$10$kNiqv1XCENfgW8yW3oI4LuCKWmoap4qEJ7LnodKLBi6MsPA29Kdmm', 31, '', '', '', '2022-11-14 20:49:17', NULL),
(31, '', 'Udo_admin11', '$2b$10$mKToHQW8.fdcigPizSi6kehII6DEzLIgEPK8dex7LB1QnrL5s6A7K', 33, '', '', '', '2022-11-14 21:10:20', NULL),
(32, '', 'udeo_admin12', '$2b$10$8/qXUhzvWoXNDxijEzuk.eu7XLlVRPspIXWdaherbPyu4QLmhBZGy', 30, '', '', 'uploads/users/avatar-1668435108918.jpeg', '2022-11-14 21:11:49', NULL),
(33, '', 'Udo_admin14', '$2b$10$oj.36d0Y/COPSxM6gXOQMeMLA2GX7PiV6akC9wlF0n4zRcKhQtnnG', 34, '', '', '', '2022-11-14 21:19:13', NULL),
(34, '', 'tuphuongdanh', '$2b$10$eoJm5vM1cxMHACavAfW2KOGwm9cyECnySHvECWMrYdI/MCCmZxHhO', 35, '', '', '', '2022-11-14 21:19:57', NULL),
(35, '', 'danh12', '$2b$10$i81W8F2k8GXphzKuLwIAYuT5boJv/jbJ2EE8zylGHrEgKs1PcCLLq', 36, '', '', '', '2022-11-14 21:22:55', NULL),
(36, '', '0349194952', '$2b$10$D3wVQ8m9TcHN4t3WEjnkGeTpD08pAWJKY/YiyEXlk0.qSiaP3LAOC', 37, '', '', '', '2022-11-14 21:25:35', NULL),
(37, '', 'admin_udo7', '$2b$10$TOrH6Iw4qi/GOfR1u2J7fuygOkD3cUnrutdXSA/xYTIXp9KhVsQDC', 33, '', '', '', '2022-11-15 15:24:31', NULL),
(39, '', 'admin9000', 'Thanchet021', 38, 'quocbao@gmail.com', '', '', '2022-11-15 16:25:15', '2022-11-16 19:46:51'),
(40, '', 'ADMIN_88', 'undefined', 39, 'admin88@gmail.com', '', 'uploads/users/avatar-1668603125228.jpeg', '2022-11-16 19:48:51', '2022-11-16 21:11:04'),
(41, '', 'ADMIN8888', '$2b$10$Xqh8yR8Bl4pYOYvTg6X8U.3/dNq3wcgZB5KMWQNofJrJDCmCy00Iy', 40, '', '', '', '2022-11-16 21:15:21', '2022-11-16 21:16:53'),
(43, '', 'ADMIN88', '$2b$10$7hMCYJl1OYrmC.vneP7wceTCmlImrBC7UHFZBPJNqrzhABG2.nQLW', 42, 'admin88@gmail.com', '', '', '2022-11-16 21:18:30', '2023-01-01 18:20:03'),
(44, '', 'admin98765', '$2b$10$UixoA7kW8c7F2Zx/Z6/U3e9Be2Frq5/LvQe36Z6OAQle3ibtjEBjK', 43, '', '', '', '2022-11-26 20:50:22', NULL),
(46, '', 'admin1234', '$2b$10$YNT6KjjNk9O32cQkt2q04O./nKSwuPbOqO33.e9PnwjVvG5xTYKyq', 45, '', '', '', '2022-11-26 20:59:47', NULL),
(47, '', 'ad987654321', '$2b$10$uqwUqJUzBQQiYMYIYOXa0OzRcd/20yCcgSn9Vqr.HV.DXLYo5omk.', 46, '', '', '', '2022-11-26 21:05:45', NULL),
(49, '', 'admin987654', '$2b$10$suYYJq9zIpJo99DXZ6NfTOzHTXevZcntorTFplcazDNvCZPyz4i..', 48, '', '', '', '2022-11-26 21:21:31', NULL),
(50, '', 'admin9876543', '$2b$10$FPifavdwZ1A1ErHe5FGoZe8Hczd3DvflR/NoKvYUMpgScxAjI25Pm', 49, '', '', '', '2022-11-26 21:26:26', NULL),
(51, '', 'hdsbdgwedbasdv', '$2b$10$Jba963tqSo7k.T/Q0Sm2aeG9wkXQ86QVU13wRGXsETZrEx4SmQ3wq', 50, '', '', '', '2022-11-26 21:33:50', NULL),
(52, '', 'asdasdad', '$2b$10$EKGPyDe11PAQesP.5UYVdeROQjhvPyta5DAcpBtWSzMJJn5T.zATW', 51, '', '', '', '2022-11-26 21:34:52', NULL),
(53, '', 'asadad', '$2b$10$sY786uRFgMH1ibUrhNlPFemn7QWu.NgMYncXh.wbq4gXW4wUrJFry', 52, '', '', '', '2022-11-26 21:37:05', NULL),
(54, '', 'asdasdasdas', '$2b$10$j4Rdeh56rziiOKTVNdD8Eup9TxdOcB6mi8rACiFAEN1OgfYIWmwZy', 53, '', '', '', '2022-11-26 21:40:32', NULL),
(58, '', 'dasdasd', '$2b$10$l5fttcPsbZjRrmOxJtLrOub2vl/0zKajwbpyqwTQEF8Fe3787ARRu', 57, '', '', '', '2022-11-26 21:41:00', NULL),
(60, '', 'dasdasdsas', '$2b$10$6nkxZXo8rK1Rw5VTVrPKXudzqQbRRPz693nUdsRSwhK08W3lothXm', 59, '', '', '', '2022-11-26 21:41:06', NULL),
(62, '', 'dasdsaasasasdsas', '$2b$10$iFjvzMNaaO70TSTfQLO6ZOMfoYBvbIlUTPWLx3AAWIDfyJPDl4.qW', 61, '', '', '', '2022-11-26 21:41:11', NULL),
(63, '', 'admin123', '$2b$10$CHfZmz62ExDE0Y9yp8LjyezTtTu1A9X68Nj56YVcsBgnR7uJCENPC', 62, '', '', '', '2022-12-11 17:10:20', NULL),
(64, '', 'dgewgewg', '$2b$10$dfslQ2aw.6I2WERL4W6CmOVuOPEU0I0GBWDoZe34J1a4PKvkk1JiK', 63, '', '', '', '2022-12-13 11:41:51', NULL),
(65, '', 'buicafe', '$2b$10$lEkWeMtB/tC4QwSB.VhW/e7ILKNoDivxJwNDA2ULzV/fUGubENYUy', 64, '', '', '', '2023-01-03 18:28:50', NULL),
(66, '', 'moccafe', '$2b$10$lsRihZg8SIcSfLXLSmRQfeoxCLvih4pT3JvOj0VNkfrTliaHyZwEC', 65, '', '', '', '2023-01-03 21:22:04', NULL),
(67, '', 'lanhacafe', '$2b$10$RpvvvygcCJGyvYVYbWefS.wWH4yo.CYDWHEbvk984rwyWTA2HOuQy', 66, '', '', '', '2023-01-03 21:50:44', NULL),
(68, '', 'cafemoc2', '$2b$10$u4qzZQo5Q.GMWAjc71PrEeXRfkqHLim7egeiIbrIsZIXWarxE1N6e', 67, '', '', '', '2023-01-03 21:54:45', NULL),
(69, '', '1234cfe', '$2b$10$Qu.BcJSar66P4I8qojryiOqRBGWMFCGKaDVRrdEBHxQxT/0b/qdJ6', 68, '', '', '', '2023-01-03 22:05:53', NULL),
(70, '', 'vinacaphe', '$2b$10$msF3FdeSkETQMm74ZpOfouegGnuEI6JLsa3Kh9A8AIJC.mJVdGUWW', 69, '', '', '', '2023-01-04 08:21:26', NULL),
(71, '', 'lanhacafe2', '$2b$10$OvU52iUNaMCGl9cuRGcM.O/IBE8NkTOfzup2dRyG6r2jViQ5KvVTq', 70, '', '', '', '2023-01-04 08:24:37', NULL),
(72, '', 'PHOCAPHE', '$2b$10$d.IAu67rgi/caS963tAZYeeTBx/o3iGmEACJq18JCQO.BpJFP5Nni', 71, '', '', '', '2023-01-04 11:32:14', NULL),
(73, '', 'gocnhocaphe', '$2b$10$Jz9XxXlxBzpDxyj8k/X5AOy4dTAEgJi3aZ.hOEA0fqaswmpczDZlm', 72, '', '', '', '2023-01-05 17:00:49', NULL),
(74, '', 'hemcaphe', '$2b$10$4TuUwL7WHPeHO.NE9YAkEuFUZMFanxqjDDXGIUXlRS6wh6Rf0tpRK', 73, '', '', '', '2023-01-05 17:45:07', NULL),
(75, '', 'csjdcnjsdnjcnsd', '$2b$10$b/1unZFz9qGMW235K1QlDeBgve.HLVi5Yg2iXMHdI0qDJEnPaMkSe', 74, '', '', '', '2023-01-05 17:47:29', NULL),
(76, '', 'asdsdsadaddas', '$2b$10$5uztXb5c7YGa9Wot88MYsevL5P/zbwRG.GIU/UktjKJrzTTa9aHNy', 75, '', '', '', '2023-01-05 17:51:01', NULL),
(77, '', 'ddhjabhsdbhadha', '$2b$10$bFo9nei0BkcYNekuUUKuY.62Q8FxfM4a62dOLuleKWrVGioOiftua', 76, '', '', '', '2023-01-05 18:04:54', NULL),
(78, '', 'hjjnjjjhjhjjhjh', '$2b$10$vbtfsXsBDZy0moZ.SpTDtOKZmcwpWaaWvTLSoZ2l5B6U8w3E1bwwe', 77, '', '', '', '2023-01-05 19:29:34', NULL),
(79, '', 'jueu2heu12', '$2b$10$C7idQRzD.cPsWU3srPdUleJ1rcZx42XKeFZvZKTPUngZImDHmzSDi', 78, '', '', '', '2023-01-05 19:30:52', NULL),
(80, '', 'djashdhasdhasd', '$2b$10$cPweRMH.gc.jGicGHxu.kOcAf9g7hJypZMc1VaXL5O.XZO6eVvCru', 79, '', '', '', '2023-01-05 19:31:48', NULL),
(81, '', 'sjdnajsdadad', '$2b$10$.uRJycf1Dq.EubhragJXPOM8aM0A58mcOLgcluHilRbjRbIyEqi6u', 80, '', '', '', '2023-01-05 19:37:10', NULL),
(82, '', 'admin312312', '$2b$10$VOJZmgwIhreC.Lx6tLz8b.ATfWKjzzj3dUhVmDLicxT0qeMlPfMW.', 81, '', '', '', '2023-01-05 19:49:31', NULL),
(83, '', 'djaksdkadad', '$2b$10$7tDbwrwGYBE.1M.xLIwCDOlgpSP4DQC39xp.n7xEKOFJ7DFR6CFI6', 82, '', '', '', '2023-01-05 19:50:49', NULL),
(84, '', 'xasdsadas', '$2b$10$LMR83NTApmMitA1xqpjiR.WgLtgUVP9FiJ6hCkNKuMit5B2XcmXHy', 83, '', '', '', '2023-01-05 20:30:07', NULL),
(85, '', 'dasdasdsa', '$2b$10$4VnsxnMygtZEwEfv8QX1A.5.LxakEmdvVq6KgjFhRibCxHoeNmTvO', 84, '', '', '', '2023-01-05 20:35:00', NULL),
(86, '', 'asadasdas', '$2b$10$CvRLE4uXnOd0d6pAZ7gv.OKUBvDqy1AETw6uARvFLzX9x2tlTQSlq', 85, '', '', '', '2023-01-05 20:42:08', NULL),
(87, '', 'ffgjhhhi', '$2b$10$RSAc8CkY4EvFyAm0COOMH.B58ZtCAQ9mk9ivavMVZA/gW1y.9WJxa', 86, '', '', '', '2023-01-05 20:42:52', NULL),
(88, '', 'danhtp', '$2b$10$wH5a.jYUG99xqm/l/FHafuAf7UZKCbLRTORxc7jU8J/gULMY9EseW', 87, '', '', '', '2023-01-05 20:58:20', NULL),
(89, '', 'dddddsdf', '$2b$10$magPrvMVwqUNthRT8OoQlephUtiGmmGhleIoDgcg3QGwNWnwNAdRC', 88, '', '', '', '2023-01-05 21:20:29', NULL),
(90, '', 'dadasdadad', '$2b$10$p7mjYp1qoCRWH6S3Gs/x9.Yipj3ZHH6Sy8sOJ9SqhYQsK.L7KGUkO', 89, '', '', '', '2023-01-08 13:35:42', NULL),
(91, '', 'sasdadsasdasda', '$2b$10$lx2z3vWUry4JELYYcAURlum2k8CVsSf719y3dlZrM6YQTyu34ET1m', 90, '', '', '', '2023-01-08 13:36:48', NULL),
(92, '', 'dsadasd', '$2b$10$cecsJoDrBceszO73hSFosemnOZhsA0JBCXo4BBprnaZ2fM0USRmRy', 91, '', '', '', '2023-01-08 13:38:16', NULL),
(93, '', 'swdasdasdasd', '$2b$10$OqzarPvMo.6ZKz5BMEmP5eeh1STz2vYwdxI7DJAz2wHTDajWiqc.2', 92, '', '', '', '2023-01-08 13:43:05', NULL),
(94, '', 'eqweqweqwe', '$2b$10$/v8VPngoo8wewtSv4u.o4Ok5Ji1ez5ZrmFyiBh4p0VPt46gnRvFj2', 93, '', '', '', '2023-01-08 13:43:39', NULL),
(95, '', 'qweqweqweqwe', '$2b$10$cBvFYtq.3SJSPIOlGRIg6u2VNWxY1chb/7BOpvdojF09vRLsTYSlK', 94, '', '', '', '2023-01-08 13:44:18', NULL),
(96, '', 'dasdsadasd', '$2b$10$haFgljyfKzjN/aMlZXoyAO2PhLb07uPl8yB2O2WrFgbFhwT0cg71e', 95, '', '', '', '2023-01-08 13:46:30', NULL),
(97, '', 'saasdaddde2', '$2b$10$o3G/H1u5EFN9po77p8FlreiABTTAPd/tN8BFRsQx1q1jJrIvUZwuq', 96, '', '', '', '2023-01-08 13:48:01', NULL),
(98, '', 'xsadadasd', '$2b$10$GD6M8jI.SlC9T3t7fVKteeieT6DVenpExugwFsX68JqRPExn50MPO', 97, '', '', '', '2023-01-08 13:50:15', NULL),
(99, '', 'dadadasdasda', '$2b$10$7IhiiIfwqxo7q23tneI2QOfjbGrjQIEURkbEpNI9GXUzyuAMfOZTu', 98, '', '', '', '2023-01-08 13:50:49', NULL),
(100, '', 'sasasasas', '$2b$10$0MntQDGnplPtVuYiZWP1mucX9exxVI.VRsLPhvCYuHIjkPoL2Iyge', 99, '', '', '', '2023-01-08 13:51:38', NULL),
(102, '', 'dasd2312313', '$2b$10$74iDFdMlnfblotyA3X21Luzd7FrxN1PTml3n6lXHRKsylgeEVH6LC', 101, '', '', '', '2023-01-08 13:53:25', NULL),
(103, '', 'sasasdsadadd2', '$2b$10$bjzxhly.dx7/e8N6GMPcWOZbbZDmQzj4SCZGP4ZzfVxuWilP5oXxW', 102, '', '', '', '2023-01-08 13:54:31', NULL),
(104, '', 'dasdasllfkd', '$2b$10$twwhQiCPWA.n1u.GMbszQ.7pTBM.xnS7bCebehh7iOmh17N4lpuA6', 103, '', '', '', '2023-01-08 13:56:16', NULL),
(105, '', 'dasdasdasdd4', '$2b$10$V2nd0m2f2IzzwapOUIg1Wui/fSs/KFknVA0VpaZnURTxZNZBxH5kK', 104, '', '', '', '2023-01-08 13:56:58', NULL),
(106, '', 'phonhocaphe123', '$2b$10$t60jHr/ejFEArCZdSdcEweDDVNDDCoycW23.iQ.0uaW4sEtjvdF3a', 105, '', '', '', '2023-02-28 14:26:18', NULL);

--
-- Indexes for dumped tables
--

--
-- Indexes for table `auths`
--
ALTER TABLE `auths`
  ADD PRIMARY KEY (`id`);

--
-- Indexes for table `categories`
--
ALTER TABLE `categories`
  ADD PRIMARY KEY (`id`);

--
-- Indexes for table `codes`
--
ALTER TABLE `codes`
  ADD PRIMARY KEY (`id`);

--
-- Indexes for table `companies`
--
ALTER TABLE `companies`
  ADD PRIMARY KEY (`id`);

--
-- Indexes for table `customers`
--
ALTER TABLE `customers`
  ADD PRIMARY KEY (`id`),
  ADD KEY `company_id` (`company_id`);

--
-- Indexes for table `orders`
--
ALTER TABLE `orders`
  ADD PRIMARY KEY (`id`),
  ADD KEY `customer_id` (`customer_id`),
  ADD KEY `company_id` (`company_id`);

--
-- Indexes for table `order_items`
--
ALTER TABLE `order_items`
  ADD PRIMARY KEY (`id`),
  ADD KEY `order_id` (`order_id`),
  ADD KEY `product_id` (`product_id`);

--
-- Indexes for table `payments`
--
ALTER TABLE `payments`
  ADD PRIMARY KEY (`id`);

--
-- Indexes for table `products`
--
ALTER TABLE `products`
  ADD PRIMARY KEY (`id`),
  ADD KEY `company_id` (`company_id`);

--
-- Indexes for table `sample_business`
--
ALTER TABLE `sample_business`
  ADD PRIMARY KEY (`id`);

--
-- Indexes for table `sample_products`
--
ALTER TABLE `sample_products`
  ADD PRIMARY KEY (`id`);

--
-- Indexes for table `users`
--
ALTER TABLE `users`
  ADD PRIMARY KEY (`id`),
  ADD UNIQUE KEY `user_name` (`user_name`),
  ADD KEY `company_id` (`company_id`);

--
-- AUTO_INCREMENT for dumped tables
--

--
-- AUTO_INCREMENT for table `auths`
--
ALTER TABLE `auths`
  MODIFY `id` int(11) NOT NULL AUTO_INCREMENT, AUTO_INCREMENT=428;

--
-- AUTO_INCREMENT for table `categories`
--
ALTER TABLE `categories`
  MODIFY `id` int(11) NOT NULL AUTO_INCREMENT;

--
-- AUTO_INCREMENT for table `codes`
--
ALTER TABLE `codes`
  MODIFY `id` int(11) NOT NULL AUTO_INCREMENT, AUTO_INCREMENT=7;

--
-- AUTO_INCREMENT for table `companies`
--
ALTER TABLE `companies`
  MODIFY `id` int(11) NOT NULL AUTO_INCREMENT, AUTO_INCREMENT=106;

--
-- AUTO_INCREMENT for table `customers`
--
ALTER TABLE `customers`
  MODIFY `id` int(11) NOT NULL AUTO_INCREMENT, AUTO_INCREMENT=323;

--
-- AUTO_INCREMENT for table `orders`
--
ALTER TABLE `orders`
  MODIFY `id` int(11) NOT NULL AUTO_INCREMENT, AUTO_INCREMENT=264;

--
-- AUTO_INCREMENT for table `order_items`
--
ALTER TABLE `order_items`
  MODIFY `id` int(11) NOT NULL AUTO_INCREMENT, AUTO_INCREMENT=554;

--
-- AUTO_INCREMENT for table `payments`
--
ALTER TABLE `payments`
  MODIFY `id` int(11) NOT NULL AUTO_INCREMENT, AUTO_INCREMENT=17;

--
-- AUTO_INCREMENT for table `products`
--
ALTER TABLE `products`
  MODIFY `id` int(11) NOT NULL AUTO_INCREMENT, AUTO_INCREMENT=366;

--
-- AUTO_INCREMENT for table `sample_business`
--
ALTER TABLE `sample_business`
  MODIFY `id` int(11) NOT NULL AUTO_INCREMENT, AUTO_INCREMENT=4;

--
-- AUTO_INCREMENT for table `sample_products`
--
ALTER TABLE `sample_products`
  MODIFY `id` int(11) NOT NULL AUTO_INCREMENT, AUTO_INCREMENT=5;

--
-- AUTO_INCREMENT for table `users`
--
ALTER TABLE `users`
  MODIFY `id` int(11) NOT NULL AUTO_INCREMENT, AUTO_INCREMENT=107;

--
-- Constraints for dumped tables
--

--
-- Constraints for table `customers`
--
ALTER TABLE `customers`
  ADD CONSTRAINT `customers_ibfk_1` FOREIGN KEY (`company_id`) REFERENCES `companies` (`id`);

--
-- Constraints for table `orders`
--
ALTER TABLE `orders`
  ADD CONSTRAINT `orders_ibfk_2` FOREIGN KEY (`company_id`) REFERENCES `companies` (`id`);

--
-- Constraints for table `users`
--
ALTER TABLE `users`
  ADD CONSTRAINT `users_ibfk_1` FOREIGN KEY (`company_id`) REFERENCES `companies` (`id`);
COMMIT;

/*!40101 SET CHARACTER_SET_CLIENT=@OLD_CHARACTER_SET_CLIENT */;
/*!40101 SET CHARACTER_SET_RESULTS=@OLD_CHARACTER_SET_RESULTS */;
/*!40101 SET COLLATION_CONNECTION=@OLD_COLLATION_CONNECTION */;
